PARES:

PAR 1:
Vetor comparação: [1, 2, 6, 12, 18, 23, 27, 29, 34, 39, 40, 42, 45, 55, 60, 66, 72, 78, 80, 81, 84, 94, 95, 96, 97, 108, 118, 120, 121, 123, 125, 129, 131, 136, 139, 140, 141]
Vetor base: [0, 3, 4, 5, 7, 8, 9, 10, 11, 13, 14, 15, 16, 17, 19, 20, 21, 22, 24, 25, 26, 28, 30, 31, 32, 33, 35, 36, 37, 38, 41, 43, 44, 46, 47, 48, 49, 50, 51, 52, 53, 54, 56, 57, 58, 59, 61, 62, 63, 64, 65, 67, 68, 69, 70, 71, 73, 74, 75, 76, 77, 79, 82, 83, 85, 86, 87, 88, 89, 90, 91, 92, 93, 98, 99, 100, 101, 102, 103, 104, 105, 106, 107, 109, 110, 111, 112, 113, 114, 115, 116, 117, 119, 122, 124, 126, 127, 128, 130, 132, 133, 134, 135, 137, 138, 142, 143, 144, 145, 146, 147, 148, 149]
Acurácias: [0.6486, 0.6486, 0.8108, 0.7297, 0.6757, 0.6757, 0.7568, 0.7297, 0.7568, 0.7838, 0.7568, 0.7838, 0.7568, 0.7568, 0.7297]

PAR 2:
Vetor comparação: [1, 3, 4, 11, 18, 22, 29, 30, 35, 39, 44, 47, 57, 59, 60, 61, 62, 68, 75, 76, 77, 85, 91, 93, 102, 106, 108, 111, 116, 118, 122, 123, 129, 131, 143, 148, 149]
Vetor base: [0, 2, 5, 6, 7, 8, 9, 10, 12, 13, 14, 15, 16, 17, 19, 20, 21, 23, 24, 25, 26, 27, 28, 31, 32, 33, 34, 36, 37, 38, 40, 41, 42, 43, 45, 46, 48, 49, 50, 51, 52, 53, 54, 55, 56, 58, 63, 64, 65, 66, 67, 69, 70, 71, 72, 73, 74, 78, 79, 80, 81, 82, 83, 84, 86, 87, 88, 89, 90, 92, 94, 95, 96, 97, 98, 99, 100, 101, 103, 104, 105, 107, 109, 110, 112, 113, 114, 115, 117, 119, 120, 121, 124, 125, 126, 127, 128, 130, 132, 133, 134, 135, 136, 137, 138, 139, 140, 141, 142, 144, 145, 146, 147]
Acurácias: [0.7568, 0.7568, 0.8108, 0.7838, 0.8108, 0.7297, 0.8378, 0.8649, 0.8108, 0.8649, 0.8649, 0.8378, 0.8378, 0.8378, 0.8378]

PAR 3:
Vetor comparação: [0, 5, 8, 18, 20, 23, 24, 28, 31, 32, 33, 34, 35, 36, 38, 39, 44, 52, 57, 58, 59, 60, 61, 74, 77, 78, 80, 86, 91, 93, 102, 111, 118, 133, 137, 138, 142]
Vetor base: [1, 2, 3, 4, 6, 7, 9, 10, 11, 12, 13, 14, 15, 16, 17, 19, 21, 22, 25, 26, 27, 29, 30, 37, 40, 41, 42, 43, 45, 46, 47, 48, 49, 50, 51, 53, 54, 55, 56, 62, 63, 64, 65, 66, 67, 68, 69, 70, 71, 72, 73, 75, 76, 79, 81, 82, 83, 84, 85, 87, 88, 89, 90, 92, 94, 95, 96, 97, 98, 99, 100, 101, 103, 104, 105, 106, 107, 108, 109, 110, 112, 113, 114, 115, 116, 117, 119, 120, 121, 122, 123, 124, 125, 126, 127, 128, 129, 130, 131, 132, 134, 135, 136, 139, 140, 141, 143, 144, 145, 146, 147, 148, 149]
Acurácias: [0.6216, 0.6216, 0.6757, 0.7297, 0.6486, 0.6757, 0.7027, 0.7027, 0.7027, 0.7838, 0.7838, 0.7838, 0.8108, 0.7838, 0.7027]

PAR 4:
Vetor comparação: [0, 2, 3, 12, 15, 26, 29, 31, 32, 41, 43, 44, 51, 52, 56, 57, 60, 62, 63, 64, 69, 75, 91, 97, 98, 99, 105, 109, 111, 121, 124, 130, 132, 136, 141, 144, 148]
Vetor base: [1, 4, 5, 6, 7, 8, 9, 10, 11, 13, 14, 16, 17, 18, 19, 20, 21, 22, 23, 24, 25, 27, 28, 30, 33, 34, 35, 36, 37, 38, 39, 40, 42, 45, 46, 47, 48, 49, 50, 53, 54, 55, 58, 59, 61, 65, 66, 67, 68, 70, 71, 72, 73, 74, 76, 77, 78, 79, 80, 81, 82, 83, 84, 85, 86, 87, 88, 89, 90, 92, 93, 94, 95, 96, 100, 101, 102, 103, 104, 106, 107, 108, 110, 112, 113, 114, 115, 116, 117, 118, 119, 120, 122, 123, 125, 126, 127, 128, 129, 131, 133, 134, 135, 137, 138, 139, 140, 142, 143, 145, 146, 147, 149]
Acurácias: [0.7838, 0.7838, 0.7568, 0.7568, 0.6757, 0.7297, 0.7568, 0.7568, 0.7297, 0.8108, 0.7838, 0.8378, 0.8108, 0.8108, 0.7838]

PAR 5:
Vetor comparação: [0, 2, 4, 5, 21, 23, 25, 27, 32, 42, 43, 53, 57, 58, 62, 65, 70, 75, 88, 89, 93, 94, 97, 104, 108, 109, 111, 122, 124, 130, 131, 134, 137, 141, 143, 145, 147]
Vetor base: [1, 3, 6, 7, 8, 9, 10, 11, 12, 13, 14, 15, 16, 17, 18, 19, 20, 22, 24, 26, 28, 29, 30, 31, 33, 34, 35, 36, 37, 38, 39, 40, 41, 44, 45, 46, 47, 48, 49, 50, 51, 52, 54, 55, 56, 59, 60, 61, 63, 64, 66, 67, 68, 69, 71, 72, 73, 74, 76, 77, 78, 79, 80, 81, 82, 83, 84, 85, 86, 87, 90, 91, 92, 95, 96, 98, 99, 100, 101, 102, 103, 105, 106, 107, 110, 112, 113, 114, 115, 116, 117, 118, 119, 120, 121, 123, 125, 126, 127, 128, 129, 132, 133, 135, 136, 138, 139, 140, 142, 144, 146, 148, 149]
Acurácias: [0.8108, 0.8108, 0.8649, 0.8378, 0.7838, 0.8108, 0.8378, 0.8378, 0.7838, 0.8378, 0.8108, 0.8108, 0.7838, 0.8108, 0.8108]

PAR 6:
Vetor comparação: [3, 4, 6, 14, 16, 22, 31, 38, 45, 46, 50, 52, 53, 55, 57, 59, 65, 68, 69, 76, 79, 83, 89, 91, 95, 101, 103, 105, 116, 118, 127, 130, 131, 132, 134, 146, 149]
Vetor base: [0, 1, 2, 5, 7, 8, 9, 10, 11, 12, 13, 15, 17, 18, 19, 20, 21, 23, 24, 25, 26, 27, 28, 29, 30, 32, 33, 34, 35, 36, 37, 39, 40, 41, 42, 43, 44, 47, 48, 49, 51, 54, 56, 58, 60, 61, 62, 63, 64, 66, 67, 70, 71, 72, 73, 74, 75, 77, 78, 80, 81, 82, 84, 85, 86, 87, 88, 90, 92, 93, 94, 96, 97, 98, 99, 100, 102, 104, 106, 107, 108, 109, 110, 111, 112, 113, 114, 115, 117, 119, 120, 121, 122, 123, 124, 125, 126, 128, 129, 133, 135, 136, 137, 138, 139, 140, 141, 142, 143, 144, 145, 147, 148]
Acurácias: [0.7568, 0.7568, 0.7297, 0.7568, 0.6757, 0.7027, 0.8108, 0.7568, 0.7568, 0.7838, 0.7838, 0.7838, 0.7568, 0.7568, 0.7838]

PAR 7:
Vetor comparação: [0, 2, 3, 5, 11, 18, 23, 26, 28, 31, 41, 46, 50, 53, 56, 60, 67, 73, 76, 79, 83, 84, 86, 87, 92, 95, 97, 100, 103, 105, 117, 138, 141, 142, 144, 145, 148]
Vetor base: [1, 4, 6, 7, 8, 9, 10, 12, 13, 14, 15, 16, 17, 19, 20, 21, 22, 24, 25, 27, 29, 30, 32, 33, 34, 35, 36, 37, 38, 39, 40, 42, 43, 44, 45, 47, 48, 49, 51, 52, 54, 55, 57, 58, 59, 61, 62, 63, 64, 65, 66, 68, 69, 70, 71, 72, 74, 75, 77, 78, 80, 81, 82, 85, 88, 89, 90, 91, 93, 94, 96, 98, 99, 101, 102, 104, 106, 107, 108, 109, 110, 111, 112, 113, 114, 115, 116, 118, 119, 120, 121, 122, 123, 124, 125, 126, 127, 128, 129, 130, 131, 132, 133, 134, 135, 136, 137, 139, 140, 143, 146, 147, 149]
Acurácias: [0.6486, 0.6486, 0.7027, 0.6757, 0.6757, 0.6486, 0.7297, 0.6757, 0.7027, 0.7297, 0.7297, 0.7568, 0.7568, 0.7027, 0.6216]

PAR 8:
Vetor comparação: [3, 6, 7, 9, 10, 19, 22, 23, 30, 33, 41, 44, 48, 51, 55, 64, 65, 66, 76, 77, 78, 81, 82, 85, 87, 102, 103, 104, 115, 120, 125, 126, 134, 142, 144, 145, 146]
Vetor base: [0, 1, 2, 4, 5, 8, 11, 12, 13, 14, 15, 16, 17, 18, 20, 21, 24, 25, 26, 27, 28, 29, 31, 32, 34, 35, 36, 37, 38, 39, 40, 42, 43, 45, 46, 47, 49, 50, 52, 53, 54, 56, 57, 58, 59, 60, 61, 62, 63, 67, 68, 69, 70, 71, 72, 73, 74, 75, 79, 80, 83, 84, 86, 88, 89, 90, 91, 92, 93, 94, 95, 96, 97, 98, 99, 100, 101, 105, 106, 107, 108, 109, 110, 111, 112, 113, 114, 116, 117, 118, 119, 121, 122, 123, 124, 127, 128, 129, 130, 131, 132, 133, 135, 136, 137, 138, 139, 140, 141, 143, 147, 148, 149]
Acurácias: [0.7297, 0.7297, 0.7297, 0.7568, 0.7568, 0.7027, 0.7568, 0.7838, 0.8108, 0.8378, 0.8649, 0.8108, 0.8378, 0.8108, 0.8649]

PAR 9:
Vetor comparação: [2, 4, 9, 13, 15, 23, 25, 29, 30, 37, 53, 58, 63, 67, 68, 76, 77, 81, 82, 83, 84, 88, 91, 92, 98, 99, 104, 113, 114, 115, 125, 126, 129, 142, 143, 148, 149]
Vetor base: [0, 1, 3, 5, 6, 7, 8, 10, 11, 12, 14, 16, 17, 18, 19, 20, 21, 22, 24, 26, 27, 28, 31, 32, 33, 34, 35, 36, 38, 39, 40, 41, 42, 43, 44, 45, 46, 47, 48, 49, 50, 51, 52, 54, 55, 56, 57, 59, 60, 61, 62, 64, 65, 66, 69, 70, 71, 72, 73, 74, 75, 78, 79, 80, 85, 86, 87, 89, 90, 93, 94, 95, 96, 97, 100, 101, 102, 103, 105, 106, 107, 108, 109, 110, 111, 112, 116, 117, 118, 119, 120, 121, 122, 123, 124, 127, 128, 130, 131, 132, 133, 134, 135, 136, 137, 138, 139, 140, 141, 144, 145, 146, 147]
Acurácias: [0.7027, 0.7027, 0.6486, 0.6486, 0.6216, 0.6216, 0.6757, 0.6486, 0.6216, 0.6757, 0.6757, 0.7027, 0.7297, 0.7027, 0.7568]

PAR 10:
Vetor comparação: [0, 3, 11, 12, 13, 15, 16, 34, 35, 40, 42, 44, 48, 51, 52, 56, 57, 68, 74, 78, 81, 86, 87, 89, 90, 92, 95, 96, 98, 104, 105, 106, 120, 132, 135, 137, 149]
Vetor base: [1, 2, 4, 5, 6, 7, 8, 9, 10, 14, 17, 18, 19, 20, 21, 22, 23, 24, 25, 26, 27, 28, 29, 30, 31, 32, 33, 36, 37, 38, 39, 41, 43, 45, 46, 47, 49, 50, 53, 54, 55, 58, 59, 60, 61, 62, 63, 64, 65, 66, 67, 69, 70, 71, 72, 73, 75, 76, 77, 79, 80, 82, 83, 84, 85, 88, 91, 93, 94, 97, 99, 100, 101, 102, 103, 107, 108, 109, 110, 111, 112, 113, 114, 115, 116, 117, 118, 119, 121, 122, 123, 124, 125, 126, 127, 128, 129, 130, 131, 133, 134, 136, 138, 139, 140, 141, 142, 143, 144, 145, 146, 147, 148]
Acurácias: [0.5946, 0.5946, 0.6216, 0.6757, 0.5946, 0.6216, 0.6486, 0.6216, 0.6486, 0.7027, 0.6757, 0.7027, 0.6486, 0.6757, 0.5946]

PAR 11:
Vetor comparação: [0, 2, 14, 21, 28, 31, 35, 36, 37, 42, 45, 47, 48, 56, 60, 62, 63, 64, 66, 77, 78, 81, 86, 97, 100, 102, 104, 109, 114, 116, 121, 123, 126, 129, 131, 140, 149]
Vetor base: [1, 3, 4, 5, 6, 7, 8, 9, 10, 11, 12, 13, 15, 16, 17, 18, 19, 20, 22, 23, 24, 25, 26, 27, 29, 30, 32, 33, 34, 38, 39, 40, 41, 43, 44, 46, 49, 50, 51, 52, 53, 54, 55, 57, 58, 59, 61, 65, 67, 68, 69, 70, 71, 72, 73, 74, 75, 76, 79, 80, 82, 83, 84, 85, 87, 88, 89, 90, 91, 92, 93, 94, 95, 96, 98, 99, 101, 103, 105, 106, 107, 108, 110, 111, 112, 113, 115, 117, 118, 119, 120, 122, 124, 125, 127, 128, 130, 132, 133, 134, 135, 136, 137, 138, 139, 141, 142, 143, 144, 145, 146, 147, 148]
Acurácias: [0.7027, 0.7027, 0.8378, 0.7297, 0.7027, 0.7568, 0.8378, 0.8919, 0.8108, 0.8649, 0.8649, 0.8649, 0.8919, 0.8919, 0.8649]

PAR 12:
Vetor comparação: [0, 4, 5, 12, 13, 25, 28, 30, 32, 35, 39, 42, 45, 49, 54, 57, 58, 60, 71, 72, 74, 76, 82, 89, 91, 98, 100, 103, 107, 110, 111, 114, 127, 137, 141, 146, 147]
Vetor base: [1, 2, 3, 6, 7, 8, 9, 10, 11, 14, 15, 16, 17, 18, 19, 20, 21, 22, 23, 24, 26, 27, 29, 31, 33, 34, 36, 37, 38, 40, 41, 43, 44, 46, 47, 48, 50, 51, 52, 53, 55, 56, 59, 61, 62, 63, 64, 65, 66, 67, 68, 69, 70, 73, 75, 77, 78, 79, 80, 81, 83, 84, 85, 86, 87, 88, 90, 92, 93, 94, 95, 96, 97, 99, 101, 102, 104, 105, 106, 108, 109, 112, 113, 115, 116, 117, 118, 119, 120, 121, 122, 123, 124, 125, 126, 128, 129, 130, 131, 132, 133, 134, 135, 136, 138, 139, 140, 142, 143, 144, 145, 148, 149]
Acurácias: [0.7027, 0.7027, 0.7027, 0.7297, 0.6757, 0.6757, 0.7838, 0.8108, 0.8108, 0.8649, 0.8378, 0.8919, 0.8378, 0.8378, 0.7838]

PAR 13:
Vetor comparação: [0, 3, 7, 9, 13, 16, 20, 26, 41, 53, 55, 57, 60, 61, 62, 63, 74, 79, 80, 82, 87, 89, 92, 93, 95, 101, 108, 111, 112, 118, 123, 124, 129, 131, 136, 147, 148]
Vetor base: [1, 2, 4, 5, 6, 8, 10, 11, 12, 14, 15, 17, 18, 19, 21, 22, 23, 24, 25, 27, 28, 29, 30, 31, 32, 33, 34, 35, 36, 37, 38, 39, 40, 42, 43, 44, 45, 46, 47, 48, 49, 50, 51, 52, 54, 56, 58, 59, 64, 65, 66, 67, 68, 69, 70, 71, 72, 73, 75, 76, 77, 78, 81, 83, 84, 85, 86, 88, 90, 91, 94, 96, 97, 98, 99, 100, 102, 103, 104, 105, 106, 107, 109, 110, 113, 114, 115, 116, 117, 119, 120, 121, 122, 125, 126, 127, 128, 130, 132, 133, 134, 135, 137, 138, 139, 140, 141, 142, 143, 144, 145, 146, 149]
Acurácias: [0.7297, 0.7297, 0.7568, 0.7297, 0.6486, 0.6486, 0.6757, 0.7027, 0.6486, 0.7027, 0.6757, 0.7027, 0.6757, 0.6757, 0.6486]

PAR 14:
Vetor comparação: [1, 5, 6, 8, 13, 16, 17, 18, 21, 23, 24, 31, 49, 52, 55, 62, 63, 65, 66, 72, 74, 76, 91, 94, 97, 99, 101, 102, 123, 124, 128, 136, 137, 139, 140, 144, 149]
Vetor base: [0, 2, 3, 4, 7, 9, 10, 11, 12, 14, 15, 19, 20, 22, 25, 26, 27, 28, 29, 30, 32, 33, 34, 35, 36, 37, 38, 39, 40, 41, 42, 43, 44, 45, 46, 47, 48, 50, 51, 53, 54, 56, 57, 58, 59, 60, 61, 64, 67, 68, 69, 70, 71, 73, 75, 77, 78, 79, 80, 81, 82, 83, 84, 85, 86, 87, 88, 89, 90, 92, 93, 95, 96, 98, 100, 103, 104, 105, 106, 107, 108, 109, 110, 111, 112, 113, 114, 115, 116, 117, 118, 119, 120, 121, 122, 125, 126, 127, 129, 130, 131, 132, 133, 134, 135, 138, 141, 142, 143, 145, 146, 147, 148]
Acurácias: [0.7838, 0.7838, 0.7838, 0.7838, 0.7297, 0.7838, 0.8649, 0.8108, 0.8378, 0.8108, 0.8649, 0.8649, 0.8378, 0.8108, 0.8378]

PAR 15:
Vetor comparação: [2, 5, 11, 18, 20, 21, 31, 44, 45, 48, 49, 52, 71, 77, 87, 89, 92, 94, 96, 97, 98, 100, 104, 108, 109, 110, 111, 115, 116, 129, 133, 134, 140, 141, 142, 143, 148]
Vetor base: [0, 1, 3, 4, 6, 7, 8, 9, 10, 12, 13, 14, 15, 16, 17, 19, 22, 23, 24, 25, 26, 27, 28, 29, 30, 32, 33, 34, 35, 36, 37, 38, 39, 40, 41, 42, 43, 46, 47, 50, 51, 53, 54, 55, 56, 57, 58, 59, 60, 61, 62, 63, 64, 65, 66, 67, 68, 69, 70, 72, 73, 74, 75, 76, 78, 79, 80, 81, 82, 83, 84, 85, 86, 88, 90, 91, 93, 95, 99, 101, 102, 103, 105, 106, 107, 112, 113, 114, 117, 118, 119, 120, 121, 122, 123, 124, 125, 126, 127, 128, 130, 131, 132, 135, 136, 137, 138, 139, 144, 145, 146, 147, 149]
Acurácias: [0.7027, 0.7027, 0.7838, 0.7568, 0.8108, 0.7838, 0.7838, 0.8108, 0.7838, 0.8108, 0.7838, 0.7838, 0.7838, 0.8108, 0.7838]

PAR 16:
Vetor comparação: [0, 1, 6, 7, 12, 25, 28, 29, 34, 36, 44, 45, 46, 47, 48, 51, 57, 64, 65, 70, 71, 76, 83, 94, 96, 97, 103, 106, 115, 118, 123, 126, 138, 140, 141, 144, 147]
Vetor base: [2, 3, 4, 5, 8, 9, 10, 11, 13, 14, 15, 16, 17, 18, 19, 20, 21, 22, 23, 24, 26, 27, 30, 31, 32, 33, 35, 37, 38, 39, 40, 41, 42, 43, 49, 50, 52, 53, 54, 55, 56, 58, 59, 60, 61, 62, 63, 66, 67, 68, 69, 72, 73, 74, 75, 77, 78, 79, 80, 81, 82, 84, 85, 86, 87, 88, 89, 90, 91, 92, 93, 95, 98, 99, 100, 101, 102, 104, 105, 107, 108, 109, 110, 111, 112, 113, 114, 116, 117, 119, 120, 121, 122, 124, 125, 127, 128, 129, 130, 131, 132, 133, 134, 135, 136, 137, 139, 142, 143, 145, 146, 148, 149]
Acurácias: [0.6486, 0.6486, 0.6757, 0.6486, 0.7568, 0.6757, 0.7568, 0.7568, 0.7568, 0.8108, 0.8108, 0.8108, 0.7568, 0.7838, 0.8378]

PAR 17:
Vetor comparação: [3, 18, 23, 24, 25, 28, 29, 37, 39, 40, 47, 48, 49, 54, 55, 58, 60, 77, 79, 84, 86, 88, 89, 94, 98, 101, 103, 111, 116, 117, 119, 120, 125, 131, 133, 144, 146]
Vetor base: [0, 1, 2, 4, 5, 6, 7, 8, 9, 10, 11, 12, 13, 14, 15, 16, 17, 19, 20, 21, 22, 26, 27, 30, 31, 32, 33, 34, 35, 36, 38, 41, 42, 43, 44, 45, 46, 50, 51, 52, 53, 56, 57, 59, 61, 62, 63, 64, 65, 66, 67, 68, 69, 70, 71, 72, 73, 74, 75, 76, 78, 80, 81, 82, 83, 85, 87, 90, 91, 92, 93, 95, 96, 97, 99, 100, 102, 104, 105, 106, 107, 108, 109, 110, 112, 113, 114, 115, 118, 121, 122, 123, 124, 126, 127, 128, 129, 130, 132, 134, 135, 136, 137, 138, 139, 140, 141, 142, 143, 145, 147, 148, 149]
Acurácias: [0.5946, 0.5946, 0.7838, 0.7027, 0.7297, 0.7297, 0.7027, 0.7027, 0.7297, 0.7568, 0.7568, 0.7568, 0.8108, 0.7838, 0.7838]

PAR 18:
Vetor comparação: [0, 7, 9, 12, 14, 15, 18, 19, 30, 31, 34, 35, 36, 39, 43, 45, 58, 61, 70, 78, 79, 80, 93, 95, 105, 109, 110, 112, 117, 122, 123, 124, 135, 138, 140, 142, 146]
Vetor base: [1, 2, 3, 4, 5, 6, 8, 10, 11, 13, 16, 17, 20, 21, 22, 23, 24, 25, 26, 27, 28, 29, 32, 33, 37, 38, 40, 41, 42, 44, 46, 47, 48, 49, 50, 51, 52, 53, 54, 55, 56, 57, 59, 60, 62, 63, 64, 65, 66, 67, 68, 69, 71, 72, 73, 74, 75, 76, 77, 81, 82, 83, 84, 85, 86, 87, 88, 89, 90, 91, 92, 94, 96, 97, 98, 99, 100, 101, 102, 103, 104, 106, 107, 108, 111, 113, 114, 115, 116, 118, 119, 120, 121, 125, 126, 127, 128, 129, 130, 131, 132, 133, 134, 136, 137, 139, 141, 143, 144, 145, 147, 148, 149]
Acurácias: [0.6486, 0.6486, 0.7838, 0.7297, 0.7838, 0.7568, 0.8378, 0.8378, 0.8378, 0.8378, 0.8378, 0.8108, 0.8108, 0.8378, 0.8378]

PAR 19:
Vetor comparação: [6, 10, 15, 20, 24, 25, 26, 30, 31, 37, 42, 46, 48, 51, 52, 55, 57, 59, 64, 68, 69, 78, 82, 94, 95, 98, 99, 107, 109, 110, 112, 115, 124, 135, 137, 142, 146]
Vetor base: [0, 1, 2, 3, 4, 5, 7, 8, 9, 11, 12, 13, 14, 16, 17, 18, 19, 21, 22, 23, 27, 28, 29, 32, 33, 34, 35, 36, 38, 39, 40, 41, 43, 44, 45, 47, 49, 50, 53, 54, 56, 58, 60, 61, 62, 63, 65, 66, 67, 70, 71, 72, 73, 74, 75, 76, 77, 79, 80, 81, 83, 84, 85, 86, 87, 88, 89, 90, 91, 92, 93, 96, 97, 100, 101, 102, 103, 104, 105, 106, 108, 111, 113, 114, 116, 117, 118, 119, 120, 121, 122, 123, 125, 126, 127, 128, 129, 130, 131, 132, 133, 134, 136, 138, 139, 140, 141, 143, 144, 145, 147, 148, 149]
Acurácias: [0.7297, 0.7297, 0.7027, 0.7027, 0.6486, 0.7027, 0.7027, 0.7297, 0.7027, 0.7297, 0.7027, 0.7297, 0.6757, 0.7027, 0.6486]

PAR 20:
Vetor comparação: [6, 11, 12, 14, 15, 22, 25, 30, 35, 41, 46, 62, 67, 68, 82, 84, 86, 88, 90, 92, 100, 104, 107, 108, 115, 119, 121, 124, 126, 128, 131, 132, 138, 140, 141, 143, 149]
Vetor base: [0, 1, 2, 3, 4, 5, 7, 8, 9, 10, 13, 16, 17, 18, 19, 20, 21, 23, 24, 26, 27, 28, 29, 31, 32, 33, 34, 36, 37, 38, 39, 40, 42, 43, 44, 45, 47, 48, 49, 50, 51, 52, 53, 54, 55, 56, 57, 58, 59, 60, 61, 63, 64, 65, 66, 69, 70, 71, 72, 73, 74, 75, 76, 77, 78, 79, 80, 81, 83, 85, 87, 89, 91, 93, 94, 95, 96, 97, 98, 99, 101, 102, 103, 105, 106, 109, 110, 111, 112, 113, 114, 116, 117, 118, 120, 122, 123, 125, 127, 129, 130, 133, 134, 135, 136, 137, 139, 142, 144, 145, 146, 147, 148]
Acurácias: [0.7297, 0.7297, 0.7838, 0.7027, 0.7838, 0.7568, 0.7297, 0.7297, 0.7027, 0.7297, 0.7297, 0.7568, 0.7568, 0.7568, 0.6757]

PAR 21:
Vetor comparação: [8, 12, 14, 16, 20, 26, 33, 35, 36, 50, 53, 54, 57, 58, 61, 64, 72, 74, 76, 77, 78, 87, 91, 93, 96, 101, 104, 105, 111, 115, 116, 122, 124, 126, 137, 142, 146]
Vetor base: [0, 1, 2, 3, 4, 5, 6, 7, 9, 10, 11, 13, 15, 17, 18, 19, 21, 22, 23, 24, 25, 27, 28, 29, 30, 31, 32, 34, 37, 38, 39, 40, 41, 42, 43, 44, 45, 46, 47, 48, 49, 51, 52, 55, 56, 59, 60, 62, 63, 65, 66, 67, 68, 69, 70, 71, 73, 75, 79, 80, 81, 82, 83, 84, 85, 86, 88, 89, 90, 92, 94, 95, 97, 98, 99, 100, 102, 103, 106, 107, 108, 109, 110, 112, 113, 114, 117, 118, 119, 120, 121, 123, 125, 127, 128, 129, 130, 131, 132, 133, 134, 135, 136, 138, 139, 140, 141, 143, 144, 145, 147, 148, 149]
Acurácias: [0.8108, 0.8108, 0.7027, 0.7568, 0.7027, 0.7027, 0.7838, 0.7838, 0.7838, 0.8378, 0.8649, 0.8378, 0.8108, 0.7838, 0.8108]

PAR 22:
Vetor comparação: [9, 12, 13, 22, 27, 28, 32, 33, 36, 39, 51, 54, 58, 59, 60, 67, 70, 80, 82, 86, 88, 95, 96, 103, 104, 107, 109, 111, 115, 120, 125, 129, 130, 133, 135, 139, 148]
Vetor base: [0, 1, 2, 3, 4, 5, 6, 7, 8, 10, 11, 14, 15, 16, 17, 18, 19, 20, 21, 23, 24, 25, 26, 29, 30, 31, 34, 35, 37, 38, 40, 41, 42, 43, 44, 45, 46, 47, 48, 49, 50, 52, 53, 55, 56, 57, 61, 62, 63, 64, 65, 66, 68, 69, 71, 72, 73, 74, 75, 76, 77, 78, 79, 81, 83, 84, 85, 87, 89, 90, 91, 92, 93, 94, 97, 98, 99, 100, 101, 102, 105, 106, 108, 110, 112, 113, 114, 116, 117, 118, 119, 121, 122, 123, 124, 126, 127, 128, 131, 132, 134, 136, 137, 138, 140, 141, 142, 143, 144, 145, 146, 147, 149]
Acurácias: [0.8378, 0.8378, 0.7838, 0.8378, 0.7568, 0.8108, 0.7838, 0.8378, 0.7297, 0.8108, 0.7297, 0.7838, 0.7568, 0.8108, 0.7838]

PAR 23:
Vetor comparação: [0, 3, 11, 13, 23, 26, 29, 30, 32, 42, 43, 44, 54, 62, 67, 69, 70, 73, 76, 77, 79, 91, 96, 98, 102, 104, 107, 110, 111, 112, 119, 125, 127, 128, 130, 132, 133]
Vetor base: [1, 2, 4, 5, 6, 7, 8, 9, 10, 12, 14, 15, 16, 17, 18, 19, 20, 21, 22, 24, 25, 27, 28, 31, 33, 34, 35, 36, 37, 38, 39, 40, 41, 45, 46, 47, 48, 49, 50, 51, 52, 53, 55, 56, 57, 58, 59, 60, 61, 63, 64, 65, 66, 68, 71, 72, 74, 75, 78, 80, 81, 82, 83, 84, 85, 86, 87, 88, 89, 90, 92, 93, 94, 95, 97, 99, 100, 101, 103, 105, 106, 108, 109, 113, 114, 115, 116, 117, 118, 120, 121, 122, 123, 124, 126, 129, 131, 134, 135, 136, 137, 138, 139, 140, 141, 142, 143, 144, 145, 146, 147, 148, 149]
Acurácias: [0.7027, 0.7027, 0.6216, 0.6757, 0.6757, 0.6757, 0.7568, 0.7838, 0.7568, 0.7838, 0.7838, 0.7568, 0.8108, 0.8378, 0.8378]

PAR 24:
Vetor comparação: [3, 6, 10, 12, 21, 39, 43, 50, 52, 53, 55, 58, 65, 66, 67, 68, 69, 70, 71, 79, 83, 92, 94, 97, 104, 105, 108, 109, 116, 117, 119, 121, 130, 131, 134, 145, 147]
Vetor base: [0, 1, 2, 4, 5, 7, 8, 9, 11, 13, 14, 15, 16, 17, 18, 19, 20, 22, 23, 24, 25, 26, 27, 28, 29, 30, 31, 32, 33, 34, 35, 36, 37, 38, 40, 41, 42, 44, 45, 46, 47, 48, 49, 51, 54, 56, 57, 59, 60, 61, 62, 63, 64, 72, 73, 74, 75, 76, 77, 78, 80, 81, 82, 84, 85, 86, 87, 88, 89, 90, 91, 93, 95, 96, 98, 99, 100, 101, 102, 103, 106, 107, 110, 111, 112, 113, 114, 115, 118, 120, 122, 123, 124, 125, 126, 127, 128, 129, 132, 133, 135, 136, 137, 138, 139, 140, 141, 142, 143, 144, 146, 148, 149]
Acurácias: [0.8108, 0.8108, 0.7568, 0.7568, 0.6486, 0.7027, 0.7297, 0.7297, 0.6757, 0.7027, 0.6757, 0.6757, 0.7027, 0.7297, 0.7568]

PAR 25:
Vetor comparação: [0, 4, 6, 8, 12, 19, 33, 34, 40, 51, 56, 58, 61, 64, 78, 79, 83, 85, 87, 88, 89, 91, 92, 94, 108, 112, 113, 116, 119, 124, 128, 129, 133, 140, 145, 146, 149]
Vetor base: [1, 2, 3, 5, 7, 9, 10, 11, 13, 14, 15, 16, 17, 18, 20, 21, 22, 23, 24, 25, 26, 27, 28, 29, 30, 31, 32, 35, 36, 37, 38, 39, 41, 42, 43, 44, 45, 46, 47, 48, 49, 50, 52, 53, 54, 55, 57, 59, 60, 62, 63, 65, 66, 67, 68, 69, 70, 71, 72, 73, 74, 75, 76, 77, 80, 81, 82, 84, 86, 90, 93, 95, 96, 97, 98, 99, 100, 101, 102, 103, 104, 105, 106, 107, 109, 110, 111, 114, 115, 117, 118, 120, 121, 122, 123, 125, 126, 127, 130, 131, 132, 134, 135, 136, 137, 138, 139, 141, 142, 143, 144, 147, 148]
Acurácias: [0.7027, 0.7027, 0.7027, 0.7027, 0.7027, 0.6757, 0.7568, 0.7568, 0.7297, 0.7297, 0.7297, 0.7297, 0.7568, 0.7568, 0.8108]

PAR 26:
Vetor comparação: [2, 5, 6, 9, 13, 22, 24, 26, 28, 31, 35, 36, 37, 48, 50, 56, 58, 64, 73, 75, 81, 84, 85, 89, 96, 100, 105, 107, 111, 112, 125, 132, 135, 136, 137, 145, 146]
Vetor base: [0, 1, 3, 4, 7, 8, 10, 11, 12, 14, 15, 16, 17, 18, 19, 20, 21, 23, 25, 27, 29, 30, 32, 33, 34, 38, 39, 40, 41, 42, 43, 44, 45, 46, 47, 49, 51, 52, 53, 54, 55, 57, 59, 60, 61, 62, 63, 65, 66, 67, 68, 69, 70, 71, 72, 74, 76, 77, 78, 79, 80, 82, 83, 86, 87, 88, 90, 91, 92, 93, 94, 95, 97, 98, 99, 101, 102, 103, 104, 106, 108, 109, 110, 113, 114, 115, 116, 117, 118, 119, 120, 121, 122, 123, 124, 126, 127, 128, 129, 130, 131, 133, 134, 138, 139, 140, 141, 142, 143, 144, 147, 148, 149]
Acurácias: [0.7568, 0.7568, 0.8919, 0.8378, 0.7838, 0.8378, 0.8378, 0.8649, 0.8378, 0.8378, 0.8649, 0.8378, 0.8378, 0.8378, 0.8378]

PAR 27:
Vetor comparação: [5, 8, 12, 24, 37, 39, 40, 41, 42, 43, 44, 49, 57, 62, 66, 69, 76, 84, 86, 87, 91, 97, 100, 105, 106, 111, 113, 115, 118, 121, 127, 130, 131, 136, 139, 143, 149]
Vetor base: [0, 1, 2, 3, 4, 6, 7, 9, 10, 11, 13, 14, 15, 16, 17, 18, 19, 20, 21, 22, 23, 25, 26, 27, 28, 29, 30, 31, 32, 33, 34, 35, 36, 38, 45, 46, 47, 48, 50, 51, 52, 53, 54, 55, 56, 58, 59, 60, 61, 63, 64, 65, 67, 68, 70, 71, 72, 73, 74, 75, 77, 78, 79, 80, 81, 82, 83, 85, 88, 89, 90, 92, 93, 94, 95, 96, 98, 99, 101, 102, 103, 104, 107, 108, 109, 110, 112, 114, 116, 117, 119, 120, 122, 123, 124, 125, 126, 128, 129, 132, 133, 134, 135, 137, 138, 140, 141, 142, 144, 145, 146, 147, 148]
Acurácias: [0.6486, 0.6486, 0.7838, 0.7568, 0.7568, 0.7568, 0.8649, 0.8649, 0.8378, 0.8649, 0.8649, 0.8919, 0.8649, 0.8378, 0.8378]

PAR 28:
Vetor comparação: [1, 6, 12, 14, 20, 23, 24, 26, 37, 39, 43, 44, 47, 48, 65, 68, 69, 73, 79, 86, 92, 94, 95, 104, 110, 114, 120, 125, 126, 129, 130, 135, 136, 137, 140, 143, 148]
Vetor base: [0, 2, 3, 4, 5, 7, 8, 9, 10, 11, 13, 15, 16, 17, 18, 19, 21, 22, 25, 27, 28, 29, 30, 31, 32, 33, 34, 35, 36, 38, 40, 41, 42, 45, 46, 49, 50, 51, 52, 53, 54, 55, 56, 57, 58, 59, 60, 61, 62, 63, 64, 66, 67, 70, 71, 72, 74, 75, 76, 77, 78, 80, 81, 82, 83, 84, 85, 87, 88, 89, 90, 91, 93, 96, 97, 98, 99, 100, 101, 102, 103, 105, 106, 107, 108, 109, 111, 112, 113, 115, 116, 117, 118, 119, 121, 122, 123, 124, 127, 128, 131, 132, 133, 134, 138, 139, 141, 142, 144, 145, 146, 147, 149]
Acurácias: [0.7027, 0.7027, 0.8108, 0.7568, 0.8108, 0.8108, 0.8108, 0.8378, 0.8378, 0.8649, 0.8649, 0.8649, 0.8649, 0.8649, 0.8649]

PAR 29:
Vetor comparação: [1, 3, 7, 13, 19, 22, 29, 32, 39, 43, 45, 47, 49, 56, 58, 59, 62, 63, 65, 66, 67, 76, 77, 92, 95, 98, 102, 112, 116, 119, 126, 128, 129, 132, 137, 140, 149]
Vetor base: [0, 2, 4, 5, 6, 8, 9, 10, 11, 12, 14, 15, 16, 17, 18, 20, 21, 23, 24, 25, 26, 27, 28, 30, 31, 33, 34, 35, 36, 37, 38, 40, 41, 42, 44, 46, 48, 50, 51, 52, 53, 54, 55, 57, 60, 61, 64, 68, 69, 70, 71, 72, 73, 74, 75, 78, 79, 80, 81, 82, 83, 84, 85, 86, 87, 88, 89, 90, 91, 93, 94, 96, 97, 99, 100, 101, 103, 104, 105, 106, 107, 108, 109, 110, 111, 113, 114, 115, 117, 118, 120, 121, 122, 123, 124, 125, 127, 130, 131, 133, 134, 135, 136, 138, 139, 141, 142, 143, 144, 145, 146, 147, 148]
Acurácias: [0.7027, 0.7027, 0.6757, 0.7297, 0.7027, 0.7838, 0.7297, 0.7838, 0.6757, 0.7568, 0.7568, 0.7568, 0.8108, 0.7838, 0.7838]

PAR 30:
Vetor comparação: [6, 9, 17, 25, 30, 33, 35, 36, 39, 42, 44, 52, 53, 59, 65, 71, 72, 73, 75, 76, 79, 82, 90, 99, 103, 109, 110, 116, 122, 130, 136, 139, 141, 142, 144, 146, 147]
Vetor base: [0, 1, 2, 3, 4, 5, 7, 8, 10, 11, 12, 13, 14, 15, 16, 18, 19, 20, 21, 22, 23, 24, 26, 27, 28, 29, 31, 32, 34, 37, 38, 40, 41, 43, 45, 46, 47, 48, 49, 50, 51, 54, 55, 56, 57, 58, 60, 61, 62, 63, 64, 66, 67, 68, 69, 70, 74, 77, 78, 80, 81, 83, 84, 85, 86, 87, 88, 89, 91, 92, 93, 94, 95, 96, 97, 98, 100, 101, 102, 104, 105, 106, 107, 108, 111, 112, 113, 114, 115, 117, 118, 119, 120, 121, 123, 124, 125, 126, 127, 128, 129, 131, 132, 133, 134, 135, 137, 138, 140, 143, 145, 148, 149]
Acurácias: [0.7838, 0.7838, 0.7297, 0.7838, 0.7568, 0.7838, 0.8108, 0.8378, 0.8108, 0.8108, 0.8108, 0.8108, 0.7838, 0.7838, 0.7838]

PAR 31:
Vetor comparação: [2, 6, 7, 8, 16, 18, 19, 26, 32, 38, 40, 41, 42, 43, 46, 49, 51, 52, 55, 56, 59, 61, 66, 73, 76, 98, 100, 102, 103, 106, 108, 114, 121, 122, 126, 131, 134]
Vetor base: [0, 1, 3, 4, 5, 9, 10, 11, 12, 13, 14, 15, 17, 20, 21, 22, 23, 24, 25, 27, 28, 29, 30, 31, 33, 34, 35, 36, 37, 39, 44, 45, 47, 48, 50, 53, 54, 57, 58, 60, 62, 63, 64, 65, 67, 68, 69, 70, 71, 72, 74, 75, 77, 78, 79, 80, 81, 82, 83, 84, 85, 86, 87, 88, 89, 90, 91, 92, 93, 94, 95, 96, 97, 99, 101, 104, 105, 107, 109, 110, 111, 112, 113, 115, 116, 117, 118, 119, 120, 123, 124, 125, 127, 128, 129, 130, 132, 133, 135, 136, 137, 138, 139, 140, 141, 142, 143, 144, 145, 146, 147, 148, 149]
Acurácias: [0.7568, 0.7568, 0.7297, 0.7568, 0.6757, 0.7568, 0.8108, 0.8108, 0.7838, 0.8378, 0.8378, 0.8649, 0.8378, 0.8649, 0.8378]

PAR 32:
Vetor comparação: [2, 5, 7, 8, 18, 20, 24, 27, 32, 34, 35, 36, 40, 44, 46, 47, 51, 53, 54, 55, 68, 69, 73, 80, 81, 90, 91, 99, 104, 105, 110, 116, 118, 129, 136, 140, 144]
Vetor base: [0, 1, 3, 4, 6, 9, 10, 11, 12, 13, 14, 15, 16, 17, 19, 21, 22, 23, 25, 26, 28, 29, 30, 31, 33, 37, 38, 39, 41, 42, 43, 45, 48, 49, 50, 52, 56, 57, 58, 59, 60, 61, 62, 63, 64, 65, 66, 67, 70, 71, 72, 74, 75, 76, 77, 78, 79, 82, 83, 84, 85, 86, 87, 88, 89, 92, 93, 94, 95, 96, 97, 98, 100, 101, 102, 103, 106, 107, 108, 109, 111, 112, 113, 114, 115, 117, 119, 120, 121, 122, 123, 124, 125, 126, 127, 128, 130, 131, 132, 133, 134, 135, 137, 138, 139, 141, 142, 143, 145, 146, 147, 148, 149]
Acurácias: [0.6486, 0.6486, 0.6757, 0.7027, 0.6757, 0.6486, 0.6216, 0.6757, 0.7297, 0.7297, 0.7027, 0.7297, 0.7027, 0.7297, 0.7027]

PAR 33:
Vetor comparação: [0, 2, 7, 8, 12, 18, 24, 29, 31, 39, 47, 50, 52, 63, 64, 67, 71, 72, 78, 84, 94, 95, 103, 109, 114, 117, 122, 124, 125, 129, 131, 132, 135, 136, 143, 144, 146]
Vetor base: [1, 3, 4, 5, 6, 9, 10, 11, 13, 14, 15, 16, 17, 19, 20, 21, 22, 23, 25, 26, 27, 28, 30, 32, 33, 34, 35, 36, 37, 38, 40, 41, 42, 43, 44, 45, 46, 48, 49, 51, 53, 54, 55, 56, 57, 58, 59, 60, 61, 62, 65, 66, 68, 69, 70, 73, 74, 75, 76, 77, 79, 80, 81, 82, 83, 85, 86, 87, 88, 89, 90, 91, 92, 93, 96, 97, 98, 99, 100, 101, 102, 104, 105, 106, 107, 108, 110, 111, 112, 113, 115, 116, 118, 119, 120, 121, 123, 126, 127, 128, 130, 133, 134, 137, 138, 139, 140, 141, 142, 145, 147, 148, 149]
Acurácias: [0.8378, 0.8378, 0.8108, 0.7838, 0.7838, 0.8108, 0.8108, 0.8649, 0.8108, 0.8378, 0.8108, 0.8378, 0.8108, 0.8378, 0.8108]

PAR 34:
Vetor comparação: [5, 10, 22, 23, 24, 25, 32, 35, 36, 41, 45, 57, 62, 68, 70, 73, 77, 80, 87, 93, 97, 102, 104, 105, 106, 109, 118, 119, 125, 126, 129, 130, 136, 137, 138, 141, 148]
Vetor base: [0, 1, 2, 3, 4, 6, 7, 8, 9, 11, 12, 13, 14, 15, 16, 17, 18, 19, 20, 21, 26, 27, 28, 29, 30, 31, 33, 34, 37, 38, 39, 40, 42, 43, 44, 46, 47, 48, 49, 50, 51, 52, 53, 54, 55, 56, 58, 59, 60, 61, 63, 64, 65, 66, 67, 69, 71, 72, 74, 75, 76, 78, 79, 81, 82, 83, 84, 85, 86, 88, 89, 90, 91, 92, 94, 95, 96, 98, 99, 100, 101, 103, 107, 108, 110, 111, 112, 113, 114, 115, 116, 117, 120, 121, 122, 123, 124, 127, 128, 131, 132, 133, 134, 135, 139, 140, 142, 143, 144, 145, 146, 147, 149]
Acurácias: [0.7838, 0.7838, 0.8649, 0.8108, 0.8649, 0.8378, 0.8378, 0.8378, 0.8108, 0.8378, 0.8378, 0.8378, 0.8108, 0.8108, 0.8108]

PAR 35:
Vetor comparação: [9, 23, 29, 35, 36, 43, 46, 53, 55, 59, 67, 74, 77, 85, 88, 89, 92, 96, 97, 104, 106, 116, 120, 125, 128, 133, 135, 136, 137, 138, 139, 140, 141, 144, 145, 146, 147]
Vetor base: [0, 1, 2, 3, 4, 5, 6, 7, 8, 10, 11, 12, 13, 14, 15, 16, 17, 18, 19, 20, 21, 22, 24, 25, 26, 27, 28, 30, 31, 32, 33, 34, 37, 38, 39, 40, 41, 42, 44, 45, 47, 48, 49, 50, 51, 52, 54, 56, 57, 58, 60, 61, 62, 63, 64, 65, 66, 68, 69, 70, 71, 72, 73, 75, 76, 78, 79, 80, 81, 82, 83, 84, 86, 87, 90, 91, 93, 94, 95, 98, 99, 100, 101, 102, 103, 105, 107, 108, 109, 110, 111, 112, 113, 114, 115, 117, 118, 119, 121, 122, 123, 124, 126, 127, 129, 130, 131, 132, 134, 142, 143, 148, 149]
Acurácias: [0.7568, 0.7568, 0.8108, 0.8108, 0.8108, 0.8108, 0.7297, 0.7568, 0.7297, 0.7568, 0.7027, 0.7027, 0.7027, 0.7027, 0.7027]

PAR 36:
Vetor comparação: [3, 9, 12, 14, 15, 22, 24, 27, 30, 32, 38, 40, 44, 51, 63, 65, 72, 79, 82, 83, 85, 86, 90, 94, 109, 113, 115, 128, 129, 134, 135, 136, 142, 143, 145, 147, 148]
Vetor base: [0, 1, 2, 4, 5, 6, 7, 8, 10, 11, 13, 16, 17, 18, 19, 20, 21, 23, 25, 26, 28, 29, 31, 33, 34, 35, 36, 37, 39, 41, 42, 43, 45, 46, 47, 48, 49, 50, 52, 53, 54, 55, 56, 57, 58, 59, 60, 61, 62, 64, 66, 67, 68, 69, 70, 71, 73, 74, 75, 76, 77, 78, 80, 81, 84, 87, 88, 89, 91, 92, 93, 95, 96, 97, 98, 99, 100, 101, 102, 103, 104, 105, 106, 107, 108, 110, 111, 112, 114, 116, 117, 118, 119, 120, 121, 122, 123, 124, 125, 126, 127, 130, 131, 132, 133, 137, 138, 139, 140, 141, 144, 146, 149]
Acurácias: [0.7297, 0.7297, 0.8108, 0.8108, 0.8378, 0.7838, 0.8378, 0.8108, 0.8378, 0.8378, 0.8378, 0.8378, 0.8108, 0.8108, 0.8649]

PAR 37:
Vetor comparação: [3, 8, 11, 19, 26, 27, 28, 29, 30, 31, 32, 34, 35, 36, 42, 50, 51, 53, 55, 68, 69, 80, 81, 88, 91, 100, 105, 111, 115, 117, 129, 134, 135, 138, 140, 148, 149]
Vetor base: [0, 1, 2, 4, 5, 6, 7, 9, 10, 12, 13, 14, 15, 16, 17, 18, 20, 21, 22, 23, 24, 25, 33, 37, 38, 39, 40, 41, 43, 44, 45, 46, 47, 48, 49, 52, 54, 56, 57, 58, 59, 60, 61, 62, 63, 64, 65, 66, 67, 70, 71, 72, 73, 74, 75, 76, 77, 78, 79, 82, 83, 84, 85, 86, 87, 89, 90, 92, 93, 94, 95, 96, 97, 98, 99, 101, 102, 103, 104, 106, 107, 108, 109, 110, 112, 113, 114, 116, 118, 119, 120, 121, 122, 123, 124, 125, 126, 127, 128, 130, 131, 132, 133, 136, 137, 139, 141, 142, 143, 144, 145, 146, 147]
Acurácias: [0.7838, 0.7838, 0.7568, 0.7838, 0.7568, 0.7297, 0.8378, 0.8378, 0.8378, 0.8108, 0.8378, 0.8108, 0.8108, 0.8108, 0.8108]

PAR 38:
Vetor comparação: [0, 5, 7, 11, 20, 24, 26, 34, 35, 40, 49, 50, 51, 56, 57, 73, 75, 81, 82, 83, 84, 87, 90, 92, 108, 110, 111, 116, 118, 119, 122, 129, 132, 143, 144, 145, 146]
Vetor base: [1, 2, 3, 4, 6, 8, 9, 10, 12, 13, 14, 15, 16, 17, 18, 19, 21, 22, 23, 25, 27, 28, 29, 30, 31, 32, 33, 36, 37, 38, 39, 41, 42, 43, 44, 45, 46, 47, 48, 52, 53, 54, 55, 58, 59, 60, 61, 62, 63, 64, 65, 66, 67, 68, 69, 70, 71, 72, 74, 76, 77, 78, 79, 80, 85, 86, 88, 89, 91, 93, 94, 95, 96, 97, 98, 99, 100, 101, 102, 103, 104, 105, 106, 107, 109, 112, 113, 114, 115, 117, 120, 121, 123, 124, 125, 126, 127, 128, 130, 131, 133, 134, 135, 136, 137, 138, 139, 140, 141, 142, 147, 148, 149]
Acurácias: [0.7297, 0.7297, 0.7568, 0.7838, 0.7568, 0.7838, 0.8108, 0.7838, 0.7838, 0.8108, 0.8108, 0.8108, 0.8108, 0.8108, 0.8378]

PAR 39:
Vetor comparação: [4, 6, 10, 12, 16, 19, 29, 33, 43, 44, 49, 51, 55, 57, 58, 59, 62, 65, 66, 70, 73, 79, 81, 88, 90, 98, 100, 107, 109, 110, 128, 131, 136, 138, 141, 144, 145]
Vetor base: [0, 1, 2, 3, 5, 7, 8, 9, 11, 13, 14, 15, 17, 18, 20, 21, 22, 23, 24, 25, 26, 27, 28, 30, 31, 32, 34, 35, 36, 37, 38, 39, 40, 41, 42, 45, 46, 47, 48, 50, 52, 53, 54, 56, 60, 61, 63, 64, 67, 68, 69, 71, 72, 74, 75, 76, 77, 78, 80, 82, 83, 84, 85, 86, 87, 89, 91, 92, 93, 94, 95, 96, 97, 99, 101, 102, 103, 104, 105, 106, 108, 111, 112, 113, 114, 115, 116, 117, 118, 119, 120, 121, 122, 123, 124, 125, 126, 127, 129, 130, 132, 133, 134, 135, 137, 139, 140, 142, 143, 146, 147, 148, 149]
Acurácias: [0.7568, 0.7568, 0.7297, 0.7838, 0.7027, 0.7568, 0.7027, 0.7568, 0.6757, 0.7297, 0.6757, 0.7027, 0.6486, 0.7027, 0.7027]

PAR 40:
Vetor comparação: [1, 2, 3, 6, 9, 10, 11, 20, 32, 35, 36, 40, 42, 45, 47, 48, 49, 54, 60, 63, 65, 74, 82, 88, 91, 99, 106, 107, 110, 111, 112, 121, 123, 127, 135, 139, 147]
Vetor base: [0, 4, 5, 7, 8, 12, 13, 14, 15, 16, 17, 18, 19, 21, 22, 23, 24, 25, 26, 27, 28, 29, 30, 31, 33, 34, 37, 38, 39, 41, 43, 44, 46, 50, 51, 52, 53, 55, 56, 57, 58, 59, 61, 62, 64, 66, 67, 68, 69, 70, 71, 72, 73, 75, 76, 77, 78, 79, 80, 81, 83, 84, 85, 86, 87, 89, 90, 92, 93, 94, 95, 96, 97, 98, 100, 101, 102, 103, 104, 105, 108, 109, 113, 114, 115, 116, 117, 118, 119, 120, 122, 124, 125, 126, 128, 129, 130, 131, 132, 133, 134, 136, 137, 138, 140, 141, 142, 143, 144, 145, 146, 148, 149]
Acurácias: [0.5946, 0.5946, 0.7027, 0.6757, 0.6486, 0.6757, 0.8108, 0.8108, 0.8649, 0.8649, 0.8919, 0.9189, 0.9189, 0.9189, 0.8649]

PAR 41:
Vetor comparação: [0, 2, 10, 11, 14, 17, 18, 28, 30, 35, 37, 41, 46, 47, 49, 53, 54, 56, 66, 68, 73, 76, 77, 78, 81, 85, 91, 95, 99, 120, 121, 122, 132, 134, 136, 142, 147]
Vetor base: [1, 3, 4, 5, 6, 7, 8, 9, 12, 13, 15, 16, 19, 20, 21, 22, 23, 24, 25, 26, 27, 29, 31, 32, 33, 34, 36, 38, 39, 40, 42, 43, 44, 45, 48, 50, 51, 52, 55, 57, 58, 59, 60, 61, 62, 63, 64, 65, 67, 69, 70, 71, 72, 74, 75, 79, 80, 82, 83, 84, 86, 87, 88, 89, 90, 92, 93, 94, 96, 97, 98, 100, 101, 102, 103, 104, 105, 106, 107, 108, 109, 110, 111, 112, 113, 114, 115, 116, 117, 118, 119, 123, 124, 125, 126, 127, 128, 129, 130, 131, 133, 135, 137, 138, 139, 140, 141, 143, 144, 145, 146, 148, 149]
Acurácias: [0.5946, 0.5946, 0.6486, 0.6216, 0.5946, 0.5946, 0.7027, 0.7297, 0.7027, 0.7027, 0.7568, 0.6486, 0.7297, 0.6757, 0.6757]

PAR 42:
Vetor comparação: [0, 2, 9, 13, 17, 19, 20, 21, 23, 25, 34, 36, 39, 41, 48, 55, 58, 61, 63, 68, 71, 75, 78, 80, 83, 91, 102, 105, 110, 115, 119, 122, 129, 135, 144, 146, 147]
Vetor base: [1, 3, 4, 5, 6, 7, 8, 10, 11, 12, 14, 15, 16, 18, 22, 24, 26, 27, 28, 29, 30, 31, 32, 33, 35, 37, 38, 40, 42, 43, 44, 45, 46, 47, 49, 50, 51, 52, 53, 54, 56, 57, 59, 60, 62, 64, 65, 66, 67, 69, 70, 72, 73, 74, 76, 77, 79, 81, 82, 84, 85, 86, 87, 88, 89, 90, 92, 93, 94, 95, 96, 97, 98, 99, 100, 101, 103, 104, 106, 107, 108, 109, 111, 112, 113, 114, 116, 117, 118, 120, 121, 123, 124, 125, 126, 127, 128, 130, 131, 132, 133, 134, 136, 137, 138, 139, 140, 141, 142, 143, 145, 148, 149]
Acurácias: [0.7297, 0.7297, 0.7568, 0.7568, 0.7297, 0.7568, 0.8378, 0.7838, 0.7838, 0.7838, 0.7838, 0.7838, 0.8649, 0.8378, 0.8919]

PAR 43:
Vetor comparação: [0, 11, 16, 17, 20, 22, 26, 27, 30, 31, 36, 38, 39, 48, 53, 57, 62, 66, 67, 74, 78, 79, 89, 91, 93, 96, 99, 101, 111, 116, 119, 123, 124, 129, 134, 139, 144]
Vetor base: [1, 2, 3, 4, 5, 6, 7, 8, 9, 10, 12, 13, 14, 15, 18, 19, 21, 23, 24, 25, 28, 29, 32, 33, 34, 35, 37, 40, 41, 42, 43, 44, 45, 46, 47, 49, 50, 51, 52, 54, 55, 56, 58, 59, 60, 61, 63, 64, 65, 68, 69, 70, 71, 72, 73, 75, 76, 77, 80, 81, 82, 83, 84, 85, 86, 87, 88, 90, 92, 94, 95, 97, 98, 100, 102, 103, 104, 105, 106, 107, 108, 109, 110, 112, 113, 114, 115, 117, 118, 120, 121, 122, 125, 126, 127, 128, 130, 131, 132, 133, 135, 136, 137, 138, 140, 141, 142, 143, 145, 146, 147, 148, 149]
Acurácias: [0.6216, 0.6216, 0.7027, 0.6757, 0.6757, 0.6486, 0.6757, 0.7027, 0.6757, 0.6757, 0.7297, 0.6757, 0.7027, 0.6757, 0.6757]

PAR 44:
Vetor comparação: [3, 4, 8, 9, 10, 11, 16, 20, 23, 27, 29, 31, 33, 42, 51, 53, 57, 63, 67, 69, 72, 75, 77, 78, 79, 81, 82, 102, 103, 105, 108, 115, 132, 134, 141, 142, 146]
Vetor base: [0, 1, 2, 5, 6, 7, 12, 13, 14, 15, 17, 18, 19, 21, 22, 24, 25, 26, 28, 30, 32, 34, 35, 36, 37, 38, 39, 40, 41, 43, 44, 45, 46, 47, 48, 49, 50, 52, 54, 55, 56, 58, 59, 60, 61, 62, 64, 65, 66, 68, 70, 71, 73, 74, 76, 80, 83, 84, 85, 86, 87, 88, 89, 90, 91, 92, 93, 94, 95, 96, 97, 98, 99, 100, 101, 104, 106, 107, 109, 110, 111, 112, 113, 114, 116, 117, 118, 119, 120, 121, 122, 123, 124, 125, 126, 127, 128, 129, 130, 131, 133, 135, 136, 137, 138, 139, 140, 143, 144, 145, 147, 148, 149]
Acurácias: [0.8108, 0.8108, 0.7027, 0.7297, 0.7027, 0.7027, 0.7027, 0.7297, 0.7027, 0.7568, 0.7297, 0.7297, 0.7297, 0.7297, 0.7297]

PAR 45:
Vetor comparação: [1, 4, 15, 19, 20, 21, 22, 26, 29, 37, 38, 41, 42, 45, 58, 59, 60, 61, 66, 75, 77, 79, 82, 87, 92, 100, 107, 108, 109, 115, 122, 126, 134, 139, 140, 142, 143]
Vetor base: [0, 2, 3, 5, 6, 7, 8, 9, 10, 11, 12, 13, 14, 16, 17, 18, 23, 24, 25, 27, 28, 30, 31, 32, 33, 34, 35, 36, 39, 40, 43, 44, 46, 47, 48, 49, 50, 51, 52, 53, 54, 55, 56, 57, 62, 63, 64, 65, 67, 68, 69, 70, 71, 72, 73, 74, 76, 78, 80, 81, 83, 84, 85, 86, 88, 89, 90, 91, 93, 94, 95, 96, 97, 98, 99, 101, 102, 103, 104, 105, 106, 110, 111, 112, 113, 114, 116, 117, 118, 119, 120, 121, 123, 124, 125, 127, 128, 129, 130, 131, 132, 133, 135, 136, 137, 138, 141, 144, 145, 146, 147, 148, 149]
Acurácias: [0.7027, 0.7027, 0.7297, 0.7297, 0.7027, 0.7297, 0.7568, 0.8378, 0.7568, 0.7838, 0.8108, 0.8108, 0.8378, 0.8108, 0.8108]

PAR 46:
Vetor comparação: [4, 7, 11, 16, 17, 24, 25, 26, 28, 29, 30, 31, 33, 43, 44, 46, 50, 51, 52, 54, 59, 60, 74, 75, 83, 85, 97, 99, 100, 102, 105, 107, 119, 123, 129, 131, 136]
Vetor base: [0, 1, 2, 3, 5, 6, 8, 9, 10, 12, 13, 14, 15, 18, 19, 20, 21, 22, 23, 27, 32, 34, 35, 36, 37, 38, 39, 40, 41, 42, 45, 47, 48, 49, 53, 55, 56, 57, 58, 61, 62, 63, 64, 65, 66, 67, 68, 69, 70, 71, 72, 73, 76, 77, 78, 79, 80, 81, 82, 84, 86, 87, 88, 89, 90, 91, 92, 93, 94, 95, 96, 98, 101, 103, 104, 106, 108, 109, 110, 111, 112, 113, 114, 115, 116, 117, 118, 120, 121, 122, 124, 125, 126, 127, 128, 130, 132, 133, 134, 135, 137, 138, 139, 140, 141, 142, 143, 144, 145, 146, 147, 148, 149]
Acurácias: [0.7568, 0.7568, 0.8108, 0.8108, 0.7838, 0.7838, 0.8108, 0.8649, 0.8378, 0.8378, 0.7838, 0.7838, 0.8108, 0.8108, 0.7027]

PAR 47:
Vetor comparação: [3, 4, 10, 14, 16, 24, 28, 39, 45, 48, 49, 50, 53, 58, 59, 64, 68, 72, 74, 82, 93, 95, 99, 100, 102, 104, 106, 113, 114, 116, 119, 120, 129, 132, 137, 139, 145]
Vetor base: [0, 1, 2, 5, 6, 7, 8, 9, 11, 12, 13, 15, 17, 18, 19, 20, 21, 22, 23, 25, 26, 27, 29, 30, 31, 32, 33, 34, 35, 36, 37, 38, 40, 41, 42, 43, 44, 46, 47, 51, 52, 54, 55, 56, 57, 60, 61, 62, 63, 65, 66, 67, 69, 70, 71, 73, 75, 76, 77, 78, 79, 80, 81, 83, 84, 85, 86, 87, 88, 89, 90, 91, 92, 94, 96, 97, 98, 101, 103, 105, 107, 108, 109, 110, 111, 112, 115, 117, 118, 121, 122, 123, 124, 125, 126, 127, 128, 130, 131, 133, 134, 135, 136, 138, 140, 141, 142, 143, 144, 146, 147, 148, 149]
Acurácias: [0.7568, 0.7568, 0.7838, 0.8108, 0.8108, 0.8108, 0.8108, 0.8108, 0.7568, 0.7568, 0.7568, 0.7838, 0.8108, 0.8108, 0.7838]

PAR 48:
Vetor comparação: [9, 11, 12, 21, 28, 30, 31, 35, 46, 54, 56, 65, 69, 72, 77, 78, 81, 84, 87, 100, 105, 106, 107, 108, 110, 112, 114, 118, 122, 124, 125, 128, 130, 142, 144, 147, 149]
Vetor base: [0, 1, 2, 3, 4, 5, 6, 7, 8, 10, 13, 14, 15, 16, 17, 18, 19, 20, 22, 23, 24, 25, 26, 27, 29, 32, 33, 34, 36, 37, 38, 39, 40, 41, 42, 43, 44, 45, 47, 48, 49, 50, 51, 52, 53, 55, 57, 58, 59, 60, 61, 62, 63, 64, 66, 67, 68, 70, 71, 73, 74, 75, 76, 79, 80, 82, 83, 85, 86, 88, 89, 90, 91, 92, 93, 94, 95, 96, 97, 98, 99, 101, 102, 103, 104, 109, 111, 113, 115, 116, 117, 119, 120, 121, 123, 126, 127, 129, 131, 132, 133, 134, 135, 136, 137, 138, 139, 140, 141, 143, 145, 146, 148]
Acurácias: [0.8919, 0.8919, 1.0, 0.9459, 0.9189, 0.9459, 0.9459, 0.9459, 0.9189, 0.9459, 0.9189, 0.9459, 0.9189, 0.973, 0.9189]

PAR 49:
Vetor comparação: [1, 5, 9, 10, 14, 15, 16, 17, 19, 20, 21, 22, 29, 30, 33, 35, 42, 47, 48, 58, 67, 85, 88, 90, 92, 93, 98, 105, 109, 114, 119, 128, 131, 133, 134, 145, 146]
Vetor base: [0, 2, 3, 4, 6, 7, 8, 11, 12, 13, 18, 23, 24, 25, 26, 27, 28, 31, 32, 34, 36, 37, 38, 39, 40, 41, 43, 44, 45, 46, 49, 50, 51, 52, 53, 54, 55, 56, 57, 59, 60, 61, 62, 63, 64, 65, 66, 68, 69, 70, 71, 72, 73, 74, 75, 76, 77, 78, 79, 80, 81, 82, 83, 84, 86, 87, 89, 91, 94, 95, 96, 97, 99, 100, 101, 102, 103, 104, 106, 107, 108, 110, 111, 112, 113, 115, 116, 117, 118, 120, 121, 122, 123, 124, 125, 126, 127, 129, 130, 132, 135, 136, 137, 138, 139, 140, 141, 142, 143, 144, 147, 148, 149]
Acurácias: [0.6757, 0.6757, 0.7027, 0.7027, 0.7838, 0.7568, 0.7568, 0.8108, 0.7838, 0.8108, 0.7838, 0.8108, 0.8108, 0.8108, 0.7838]

PAR 50:
Vetor comparação: [4, 14, 16, 17, 19, 20, 25, 26, 30, 42, 43, 44, 47, 50, 55, 58, 63, 64, 65, 68, 77, 81, 84, 86, 89, 90, 94, 95, 103, 105, 119, 121, 124, 129, 139, 145, 147]
Vetor base: [0, 1, 2, 3, 5, 6, 7, 8, 9, 10, 11, 12, 13, 15, 18, 21, 22, 23, 24, 27, 28, 29, 31, 32, 33, 34, 35, 36, 37, 38, 39, 40, 41, 45, 46, 48, 49, 51, 52, 53, 54, 56, 57, 59, 60, 61, 62, 66, 67, 69, 70, 71, 72, 73, 74, 75, 76, 78, 79, 80, 82, 83, 85, 87, 88, 91, 92, 93, 96, 97, 98, 99, 100, 101, 102, 104, 106, 107, 108, 109, 110, 111, 112, 113, 114, 115, 116, 117, 118, 120, 122, 123, 125, 126, 127, 128, 130, 131, 132, 133, 134, 135, 136, 137, 138, 140, 141, 142, 143, 144, 146, 148, 149]
Acurácias: [0.6757, 0.6757, 0.7297, 0.6757, 0.6757, 0.6486, 0.6486, 0.7027, 0.7027, 0.7297, 0.7027, 0.7297, 0.7297, 0.7297, 0.6757]

PAR 51:
Vetor comparação: [5, 12, 14, 15, 17, 19, 21, 30, 32, 35, 36, 44, 45, 48, 52, 66, 67, 68, 70, 72, 82, 83, 84, 86, 91, 95, 102, 105, 107, 108, 111, 114, 125, 126, 137, 138, 149]
Vetor base: [0, 1, 2, 3, 4, 6, 7, 8, 9, 10, 11, 13, 16, 18, 20, 22, 23, 24, 25, 26, 27, 28, 29, 31, 33, 34, 37, 38, 39, 40, 41, 42, 43, 46, 47, 49, 50, 51, 53, 54, 55, 56, 57, 58, 59, 60, 61, 62, 63, 64, 65, 69, 71, 73, 74, 75, 76, 77, 78, 79, 80, 81, 85, 87, 88, 89, 90, 92, 93, 94, 96, 97, 98, 99, 100, 101, 103, 104, 106, 109, 110, 112, 113, 115, 116, 117, 118, 119, 120, 121, 122, 123, 124, 127, 128, 129, 130, 131, 132, 133, 134, 135, 136, 139, 140, 141, 142, 143, 144, 145, 146, 147, 148]
Acurácias: [0.7027, 0.7027, 0.7838, 0.7568, 0.7297, 0.7568, 0.8108, 0.7568, 0.7838, 0.8108, 0.8108, 0.7838, 0.7568, 0.7838, 0.8108]

PAR 52:
Vetor comparação: [8, 11, 12, 13, 21, 22, 23, 30, 31, 34, 36, 40, 42, 44, 45, 49, 62, 67, 68, 69, 75, 76, 86, 92, 98, 109, 115, 116, 117, 119, 121, 123, 128, 130, 132, 133, 148]
Vetor base: [0, 1, 2, 3, 4, 5, 6, 7, 9, 10, 14, 15, 16, 17, 18, 19, 20, 24, 25, 26, 27, 28, 29, 32, 33, 35, 37, 38, 39, 41, 43, 46, 47, 48, 50, 51, 52, 53, 54, 55, 56, 57, 58, 59, 60, 61, 63, 64, 65, 66, 70, 71, 72, 73, 74, 77, 78, 79, 80, 81, 82, 83, 84, 85, 87, 88, 89, 90, 91, 93, 94, 95, 96, 97, 99, 100, 101, 102, 103, 104, 105, 106, 107, 108, 110, 111, 112, 113, 114, 118, 120, 122, 124, 125, 126, 127, 129, 131, 134, 135, 136, 137, 138, 139, 140, 141, 142, 143, 144, 145, 146, 147, 149]
Acurácias: [0.6216, 0.6216, 0.7027, 0.7027, 0.8108, 0.7297, 0.7568, 0.7297, 0.7838, 0.7568, 0.8108, 0.8378, 0.8649, 0.8649, 0.8649]

PAR 53:
Vetor comparação: [1, 7, 12, 14, 18, 29, 30, 33, 34, 41, 42, 43, 45, 46, 52, 54, 55, 56, 67, 68, 69, 73, 75, 76, 78, 81, 84, 86, 89, 100, 103, 106, 115, 120, 137, 145, 149]
Vetor base: [0, 2, 3, 4, 5, 6, 8, 9, 10, 11, 13, 15, 16, 17, 19, 20, 21, 22, 23, 24, 25, 26, 27, 28, 31, 32, 35, 36, 37, 38, 39, 40, 44, 47, 48, 49, 50, 51, 53, 57, 58, 59, 60, 61, 62, 63, 64, 65, 66, 70, 71, 72, 74, 77, 79, 80, 82, 83, 85, 87, 88, 90, 91, 92, 93, 94, 95, 96, 97, 98, 99, 101, 102, 104, 105, 107, 108, 109, 110, 111, 112, 113, 114, 116, 117, 118, 119, 121, 122, 123, 124, 125, 126, 127, 128, 129, 130, 131, 132, 133, 134, 135, 136, 138, 139, 140, 141, 142, 143, 144, 146, 147, 148]
Acurácias: [0.6486, 0.6486, 0.7297, 0.6757, 0.6216, 0.6486, 0.7297, 0.7027, 0.7027, 0.7027, 0.7027, 0.6757, 0.7297, 0.7027, 0.6757]

PAR 54:
Vetor comparação: [10, 11, 17, 18, 22, 32, 38, 40, 45, 48, 53, 59, 60, 61, 62, 64, 68, 69, 75, 77, 79, 83, 85, 87, 95, 96, 100, 105, 106, 110, 123, 124, 126, 138, 141, 142, 143]
Vetor base: [0, 1, 2, 3, 4, 5, 6, 7, 8, 9, 12, 13, 14, 15, 16, 19, 20, 21, 23, 24, 25, 26, 27, 28, 29, 30, 31, 33, 34, 35, 36, 37, 39, 41, 42, 43, 44, 46, 47, 49, 50, 51, 52, 54, 55, 56, 57, 58, 63, 65, 66, 67, 70, 71, 72, 73, 74, 76, 78, 80, 81, 82, 84, 86, 88, 89, 90, 91, 92, 93, 94, 97, 98, 99, 101, 102, 103, 104, 107, 108, 109, 111, 112, 113, 114, 115, 116, 117, 118, 119, 120, 121, 122, 125, 127, 128, 129, 130, 131, 132, 133, 134, 135, 136, 137, 139, 140, 144, 145, 146, 147, 148, 149]
Acurácias: [0.6486, 0.6486, 0.6757, 0.6757, 0.6757, 0.6216, 0.7297, 0.7297, 0.6216, 0.6486, 0.6757, 0.6216, 0.6757, 0.6486, 0.6757]

PAR 55:
Vetor comparação: [0, 6, 12, 15, 16, 17, 18, 20, 24, 25, 65, 66, 67, 68, 78, 82, 84, 85, 91, 93, 94, 96, 98, 99, 101, 111, 118, 119, 123, 124, 128, 130, 134, 137, 139, 146, 148]
Vetor base: [1, 2, 3, 4, 5, 7, 8, 9, 10, 11, 13, 14, 19, 21, 22, 23, 26, 27, 28, 29, 30, 31, 32, 33, 34, 35, 36, 37, 38, 39, 40, 41, 42, 43, 44, 45, 46, 47, 48, 49, 50, 51, 52, 53, 54, 55, 56, 57, 58, 59, 60, 61, 62, 63, 64, 69, 70, 71, 72, 73, 74, 75, 76, 77, 79, 80, 81, 83, 86, 87, 88, 89, 90, 92, 95, 97, 100, 102, 103, 104, 105, 106, 107, 108, 109, 110, 112, 113, 114, 115, 116, 117, 120, 121, 122, 125, 126, 127, 129, 131, 132, 133, 135, 136, 138, 140, 141, 142, 143, 144, 145, 147, 149]
Acurácias: [0.6757, 0.6757, 0.7568, 0.6757, 0.7027, 0.6486, 0.7297, 0.7297, 0.7297, 0.7297, 0.7297, 0.7027, 0.7297, 0.7297, 0.7568]

PAR 56:
Vetor comparação: [8, 18, 19, 22, 24, 25, 27, 28, 29, 32, 33, 37, 43, 52, 57, 58, 60, 61, 64, 66, 69, 71, 75, 80, 90, 94, 98, 99, 100, 104, 108, 116, 118, 120, 122, 144, 147]
Vetor base: [0, 1, 2, 3, 4, 5, 6, 7, 9, 10, 11, 12, 13, 14, 15, 16, 17, 20, 21, 23, 26, 30, 31, 34, 35, 36, 38, 39, 40, 41, 42, 44, 45, 46, 47, 48, 49, 50, 51, 53, 54, 55, 56, 59, 62, 63, 65, 67, 68, 70, 72, 73, 74, 76, 77, 78, 79, 81, 82, 83, 84, 85, 86, 87, 88, 89, 91, 92, 93, 95, 96, 97, 101, 102, 103, 105, 106, 107, 109, 110, 111, 112, 113, 114, 115, 117, 119, 121, 123, 124, 125, 126, 127, 128, 129, 130, 131, 132, 133, 134, 135, 136, 137, 138, 139, 140, 141, 142, 143, 145, 146, 148, 149]
Acurácias: [0.7838, 0.7838, 0.7297, 0.7027, 0.6486, 0.7027, 0.6216, 0.6757, 0.6216, 0.7027, 0.6486, 0.7027, 0.7027, 0.7027, 0.6216]

PAR 57:
Vetor comparação: [2, 8, 9, 11, 18, 25, 27, 30, 33, 36, 37, 43, 49, 54, 59, 64, 66, 69, 77, 80, 88, 89, 91, 96, 106, 108, 113, 117, 119, 122, 123, 128, 142, 144, 145, 146, 147]
Vetor base: [0, 1, 3, 4, 5, 6, 7, 10, 12, 13, 14, 15, 16, 17, 19, 20, 21, 22, 23, 24, 26, 28, 29, 31, 32, 34, 35, 38, 39, 40, 41, 42, 44, 45, 46, 47, 48, 50, 51, 52, 53, 55, 56, 57, 58, 60, 61, 62, 63, 65, 67, 68, 70, 71, 72, 73, 74, 75, 76, 78, 79, 81, 82, 83, 84, 85, 86, 87, 90, 92, 93, 94, 95, 97, 98, 99, 100, 101, 102, 103, 104, 105, 107, 109, 110, 111, 112, 114, 115, 116, 118, 120, 121, 124, 125, 126, 127, 129, 130, 131, 132, 133, 134, 135, 136, 137, 138, 139, 140, 141, 143, 148, 149]
Acurácias: [0.7027, 0.7027, 0.7297, 0.6757, 0.7297, 0.7297, 0.7568, 0.7568, 0.7027, 0.7027, 0.7297, 0.7297, 0.7838, 0.7838, 0.7838]

PAR 58:
Vetor comparação: [0, 4, 6, 7, 8, 10, 15, 35, 37, 39, 42, 49, 53, 54, 55, 56, 59, 60, 66, 73, 81, 96, 97, 99, 109, 110, 112, 114, 122, 123, 124, 125, 129, 130, 132, 140, 149]
Vetor base: [1, 2, 3, 5, 9, 11, 12, 13, 14, 16, 17, 18, 19, 20, 21, 22, 23, 24, 25, 26, 27, 28, 29, 30, 31, 32, 33, 34, 36, 38, 40, 41, 43, 44, 45, 46, 47, 48, 50, 51, 52, 57, 58, 61, 62, 63, 64, 65, 67, 68, 69, 70, 71, 72, 74, 75, 76, 77, 78, 79, 80, 82, 83, 84, 85, 86, 87, 88, 89, 90, 91, 92, 93, 94, 95, 98, 100, 101, 102, 103, 104, 105, 106, 107, 108, 111, 113, 115, 116, 117, 118, 119, 120, 121, 126, 127, 128, 131, 133, 134, 135, 136, 137, 138, 139, 141, 142, 143, 144, 145, 146, 147, 148]
Acurácias: [0.7838, 0.7838, 0.7838, 0.8108, 0.6757, 0.7568, 0.8108, 0.8378, 0.7838, 0.8108, 0.7838, 0.8108, 0.8108, 0.8108, 0.7838]

PAR 59:
Vetor comparação: [10, 17, 18, 24, 28, 30, 35, 36, 38, 41, 44, 47, 52, 53, 55, 62, 69, 71, 76, 80, 96, 103, 105, 106, 113, 117, 122, 127, 130, 132, 133, 140, 141, 142, 146, 147, 148]
Vetor base: [0, 1, 2, 3, 4, 5, 6, 7, 8, 9, 11, 12, 13, 14, 15, 16, 19, 20, 21, 22, 23, 25, 26, 27, 29, 31, 32, 33, 34, 37, 39, 40, 42, 43, 45, 46, 48, 49, 50, 51, 54, 56, 57, 58, 59, 60, 61, 63, 64, 65, 66, 67, 68, 70, 72, 73, 74, 75, 77, 78, 79, 81, 82, 83, 84, 85, 86, 87, 88, 89, 90, 91, 92, 93, 94, 95, 97, 98, 99, 100, 101, 102, 104, 107, 108, 109, 110, 111, 112, 114, 115, 116, 118, 119, 120, 121, 123, 124, 125, 126, 128, 129, 131, 134, 135, 136, 137, 138, 139, 143, 144, 145, 149]
Acurácias: [0.8108, 0.8108, 0.7297, 0.7568, 0.7568, 0.7297, 0.7027, 0.7568, 0.7027, 0.7568, 0.7027, 0.6757, 0.6757, 0.7027, 0.6757]

PAR 60:
Vetor comparação: [0, 3, 9, 14, 15, 17, 21, 26, 29, 36, 41, 47, 48, 51, 53, 55, 64, 65, 67, 70, 79, 88, 96, 101, 102, 109, 110, 112, 117, 118, 122, 123, 126, 131, 133, 136, 146]
Vetor base: [1, 2, 4, 5, 6, 7, 8, 10, 11, 12, 13, 16, 18, 19, 20, 22, 23, 24, 25, 27, 28, 30, 31, 32, 33, 34, 35, 37, 38, 39, 40, 42, 43, 44, 45, 46, 49, 50, 52, 54, 56, 57, 58, 59, 60, 61, 62, 63, 66, 68, 69, 71, 72, 73, 74, 75, 76, 77, 78, 80, 81, 82, 83, 84, 85, 86, 87, 89, 90, 91, 92, 93, 94, 95, 97, 98, 99, 100, 103, 104, 105, 106, 107, 108, 111, 113, 114, 115, 116, 119, 120, 121, 124, 125, 127, 128, 129, 130, 132, 134, 135, 137, 138, 139, 140, 141, 142, 143, 144, 145, 147, 148, 149]
Acurácias: [0.8108, 0.8108, 0.7568, 0.7568, 0.7297, 0.7297, 0.7568, 0.8108, 0.7297, 0.8108, 0.7568, 0.7838, 0.7568, 0.7838, 0.8108]

PAR 61:
Vetor comparação: [0, 2, 5, 6, 7, 9, 12, 13, 17, 20, 21, 28, 30, 31, 38, 45, 46, 52, 57, 62, 67, 70, 76, 78, 92, 97, 102, 105, 106, 107, 112, 119, 125, 127, 129, 132, 135]
Vetor base: [1, 3, 4, 8, 10, 11, 14, 15, 16, 18, 19, 22, 23, 24, 25, 26, 27, 29, 32, 33, 34, 35, 36, 37, 39, 40, 41, 42, 43, 44, 47, 48, 49, 50, 51, 53, 54, 55, 56, 58, 59, 60, 61, 63, 64, 65, 66, 68, 69, 71, 72, 73, 74, 75, 77, 79, 80, 81, 82, 83, 84, 85, 86, 87, 88, 89, 90, 91, 93, 94, 95, 96, 98, 99, 100, 101, 103, 104, 108, 109, 110, 111, 113, 114, 115, 116, 117, 118, 120, 121, 122, 123, 124, 126, 128, 130, 131, 133, 134, 136, 137, 138, 139, 140, 141, 142, 143, 144, 145, 146, 147, 148, 149]
Acurácias: [0.7568, 0.7568, 0.7027, 0.7297, 0.7568, 0.7568, 0.8649, 0.8378, 0.8108, 0.8378, 0.8649, 0.8378, 0.8649, 0.8378, 0.8919]

PAR 62:
Vetor comparação: [0, 7, 17, 21, 37, 41, 49, 54, 56, 58, 59, 60, 68, 70, 74, 75, 83, 86, 90, 93, 98, 101, 102, 103, 107, 109, 111, 115, 118, 120, 126, 130, 131, 133, 136, 141, 143]
Vetor base: [1, 2, 3, 4, 5, 6, 8, 9, 10, 11, 12, 13, 14, 15, 16, 18, 19, 20, 22, 23, 24, 25, 26, 27, 28, 29, 30, 31, 32, 33, 34, 35, 36, 38, 39, 40, 42, 43, 44, 45, 46, 47, 48, 50, 51, 52, 53, 55, 57, 61, 62, 63, 64, 65, 66, 67, 69, 71, 72, 73, 76, 77, 78, 79, 80, 81, 82, 84, 85, 87, 88, 89, 91, 92, 94, 95, 96, 97, 99, 100, 104, 105, 106, 108, 110, 112, 113, 114, 116, 117, 119, 121, 122, 123, 124, 125, 127, 128, 129, 132, 134, 135, 137, 138, 139, 140, 142, 144, 145, 146, 147, 148, 149]
Acurácias: [0.8378, 0.8378, 0.8378, 0.8649, 0.7568, 0.8108, 0.8378, 0.8378, 0.7838, 0.8108, 0.7838, 0.8108, 0.8108, 0.8378, 0.7838]

PAR 63:
Vetor comparação: [2, 4, 5, 8, 10, 11, 12, 14, 19, 30, 32, 36, 37, 39, 43, 47, 60, 66, 67, 69, 75, 77, 86, 92, 98, 100, 106, 110, 112, 116, 117, 121, 122, 124, 126, 134, 145]
Vetor base: [0, 1, 3, 6, 7, 9, 13, 15, 16, 17, 18, 20, 21, 22, 23, 24, 25, 26, 27, 28, 29, 31, 33, 34, 35, 38, 40, 41, 42, 44, 45, 46, 48, 49, 50, 51, 52, 53, 54, 55, 56, 57, 58, 59, 61, 62, 63, 64, 65, 68, 70, 71, 72, 73, 74, 76, 78, 79, 80, 81, 82, 83, 84, 85, 87, 88, 89, 90, 91, 93, 94, 95, 96, 97, 99, 101, 102, 103, 104, 105, 107, 108, 109, 111, 113, 114, 115, 118, 119, 120, 123, 125, 127, 128, 129, 130, 131, 132, 133, 135, 136, 137, 138, 139, 140, 141, 142, 143, 144, 146, 147, 148, 149]
Acurácias: [0.7297, 0.7297, 0.8378, 0.7838, 0.7838, 0.8108, 0.7838, 0.8108, 0.7838, 0.8108, 0.8378, 0.8378, 0.8649, 0.8378, 0.8378]

PAR 64:
Vetor comparação: [2, 7, 13, 15, 17, 18, 19, 28, 32, 40, 41, 43, 44, 46, 49, 54, 63, 66, 69, 74, 81, 91, 92, 95, 102, 113, 114, 115, 117, 119, 122, 126, 135, 140, 142, 147, 148]
Vetor base: [0, 1, 3, 4, 5, 6, 8, 9, 10, 11, 12, 14, 16, 20, 21, 22, 23, 24, 25, 26, 27, 29, 30, 31, 33, 34, 35, 36, 37, 38, 39, 42, 45, 47, 48, 50, 51, 52, 53, 55, 56, 57, 58, 59, 60, 61, 62, 64, 65, 67, 68, 70, 71, 72, 73, 75, 76, 77, 78, 79, 80, 82, 83, 84, 85, 86, 87, 88, 89, 90, 93, 94, 96, 97, 98, 99, 100, 101, 103, 104, 105, 106, 107, 108, 109, 110, 111, 112, 116, 118, 120, 121, 123, 124, 125, 127, 128, 129, 130, 131, 132, 133, 134, 136, 137, 138, 139, 141, 143, 144, 145, 146, 149]
Acurácias: [0.7027, 0.7027, 0.6757, 0.7027, 0.7027, 0.7297, 0.7838, 0.7838, 0.7838, 0.8108, 0.8108, 0.8378, 0.8649, 0.8649, 0.8649]

PAR 65:
Vetor comparação: [1, 4, 9, 12, 15, 17, 19, 21, 25, 28, 31, 32, 35, 45, 54, 57, 62, 64, 65, 66, 69, 82, 84, 93, 106, 109, 110, 113, 117, 118, 121, 134, 135, 138, 141, 142, 145]
Vetor base: [0, 2, 3, 5, 6, 7, 8, 10, 11, 13, 14, 16, 18, 20, 22, 23, 24, 26, 27, 29, 30, 33, 34, 36, 37, 38, 39, 40, 41, 42, 43, 44, 46, 47, 48, 49, 50, 51, 52, 53, 55, 56, 58, 59, 60, 61, 63, 67, 68, 70, 71, 72, 73, 74, 75, 76, 77, 78, 79, 80, 81, 83, 85, 86, 87, 88, 89, 90, 91, 92, 94, 95, 96, 97, 98, 99, 100, 101, 102, 103, 104, 105, 107, 108, 111, 112, 114, 115, 116, 119, 120, 122, 123, 124, 125, 126, 127, 128, 129, 130, 131, 132, 133, 136, 137, 139, 140, 143, 144, 146, 147, 148, 149]
Acurácias: [0.8649, 0.8649, 0.8649, 0.8378, 0.8108, 0.8108, 0.8108, 0.8108, 0.7568, 0.7568, 0.7838, 0.7838, 0.7568, 0.7568, 0.7568]

PAR 66:
Vetor comparação: [1, 6, 8, 10, 12, 13, 16, 23, 25, 34, 37, 45, 48, 54, 56, 62, 63, 66, 67, 75, 76, 81, 91, 93, 98, 104, 109, 111, 114, 118, 122, 130, 133, 135, 136, 144, 146]
Vetor base: [0, 2, 3, 4, 5, 7, 9, 11, 14, 15, 17, 18, 19, 20, 21, 22, 24, 26, 27, 28, 29, 30, 31, 32, 33, 35, 36, 38, 39, 40, 41, 42, 43, 44, 46, 47, 49, 50, 51, 52, 53, 55, 57, 58, 59, 60, 61, 64, 65, 68, 69, 70, 71, 72, 73, 74, 77, 78, 79, 80, 82, 83, 84, 85, 86, 87, 88, 89, 90, 92, 94, 95, 96, 97, 99, 100, 101, 102, 103, 105, 106, 107, 108, 110, 112, 113, 115, 116, 117, 119, 120, 121, 123, 124, 125, 126, 127, 128, 129, 131, 132, 134, 137, 138, 139, 140, 141, 142, 143, 145, 147, 148, 149]
Acurácias: [0.7568, 0.7568, 0.8108, 0.8108, 0.7297, 0.8378, 0.8378, 0.8378, 0.8108, 0.8108, 0.8378, 0.8378, 0.8378, 0.8378, 0.8108]

PAR 67:
Vetor comparação: [2, 6, 7, 8, 15, 16, 18, 20, 28, 29, 38, 39, 44, 49, 54, 59, 62, 67, 68, 71, 73, 75, 81, 82, 91, 99, 101, 111, 116, 117, 119, 120, 121, 124, 129, 147, 149]
Vetor base: [0, 1, 3, 4, 5, 9, 10, 11, 12, 13, 14, 17, 19, 21, 22, 23, 24, 25, 26, 27, 30, 31, 32, 33, 34, 35, 36, 37, 40, 41, 42, 43, 45, 46, 47, 48, 50, 51, 52, 53, 55, 56, 57, 58, 60, 61, 63, 64, 65, 66, 69, 70, 72, 74, 76, 77, 78, 79, 80, 83, 84, 85, 86, 87, 88, 89, 90, 92, 93, 94, 95, 96, 97, 98, 100, 102, 103, 104, 105, 106, 107, 108, 109, 110, 112, 113, 114, 115, 118, 122, 123, 125, 126, 127, 128, 130, 131, 132, 133, 134, 135, 136, 137, 138, 139, 140, 141, 142, 143, 144, 145, 146, 148]
Acurácias: [0.7297, 0.7297, 0.6757, 0.7027, 0.7568, 0.7297, 0.7838, 0.7568, 0.7568, 0.7568, 0.7568, 0.7568, 0.8108, 0.8108, 0.7838]

PAR 68:
Vetor comparação: [5, 7, 14, 17, 18, 21, 30, 33, 45, 46, 48, 58, 63, 64, 69, 74, 82, 84, 86, 91, 92, 100, 101, 106, 107, 110, 113, 114, 117, 121, 122, 123, 134, 143, 146, 148, 149]
Vetor base: [0, 1, 2, 3, 4, 6, 8, 9, 10, 11, 12, 13, 15, 16, 19, 20, 22, 23, 24, 25, 26, 27, 28, 29, 31, 32, 34, 35, 36, 37, 38, 39, 40, 41, 42, 43, 44, 47, 49, 50, 51, 52, 53, 54, 55, 56, 57, 59, 60, 61, 62, 65, 66, 67, 68, 70, 71, 72, 73, 75, 76, 77, 78, 79, 80, 81, 83, 85, 87, 88, 89, 90, 93, 94, 95, 96, 97, 98, 99, 102, 103, 104, 105, 108, 109, 111, 112, 115, 116, 118, 119, 120, 124, 125, 126, 127, 128, 129, 130, 131, 132, 133, 135, 136, 137, 138, 139, 140, 141, 142, 144, 145, 147]
Acurácias: [0.7568, 0.7568, 0.8649, 0.8108, 0.8378, 0.8378, 0.7568, 0.7838, 0.7297, 0.8108, 0.7568, 0.7568, 0.7568, 0.7838, 0.7027]

PAR 69:
Vetor comparação: [0, 2, 4, 6, 9, 10, 12, 14, 18, 28, 32, 36, 39, 46, 48, 70, 74, 75, 81, 83, 86, 93, 96, 97, 101, 104, 107, 110, 112, 114, 118, 128, 132, 136, 139, 143, 145]
Vetor base: [1, 3, 5, 7, 8, 11, 13, 15, 16, 17, 19, 20, 21, 22, 23, 24, 25, 26, 27, 29, 30, 31, 33, 34, 35, 37, 38, 40, 41, 42, 43, 44, 45, 47, 49, 50, 51, 52, 53, 54, 55, 56, 57, 58, 59, 60, 61, 62, 63, 64, 65, 66, 67, 68, 69, 71, 72, 73, 76, 77, 78, 79, 80, 82, 84, 85, 87, 88, 89, 90, 91, 92, 94, 95, 98, 99, 100, 102, 103, 105, 106, 108, 109, 111, 113, 115, 116, 117, 119, 120, 121, 122, 123, 124, 125, 126, 127, 129, 130, 131, 133, 134, 135, 137, 138, 140, 141, 142, 144, 146, 147, 148, 149]
Acurácias: [0.7297, 0.7297, 0.9189, 0.8378, 0.8378, 0.8649, 0.9189, 0.8919, 0.8649, 0.8919, 0.8649, 0.8649, 0.8649, 0.8919, 0.9189]

PAR 70:
Vetor comparação: [2, 11, 17, 21, 23, 24, 26, 29, 37, 39, 43, 48, 50, 63, 68, 74, 82, 83, 85, 86, 90, 93, 101, 105, 106, 112, 118, 127, 128, 133, 137, 140, 143, 144, 146, 147, 148]
Vetor base: [0, 1, 3, 4, 5, 6, 7, 8, 9, 10, 12, 13, 14, 15, 16, 18, 19, 20, 22, 25, 27, 28, 30, 31, 32, 33, 34, 35, 36, 38, 40, 41, 42, 44, 45, 46, 47, 49, 51, 52, 53, 54, 55, 56, 57, 58, 59, 60, 61, 62, 64, 65, 66, 67, 69, 70, 71, 72, 73, 75, 76, 77, 78, 79, 80, 81, 84, 87, 88, 89, 91, 92, 94, 95, 96, 97, 98, 99, 100, 102, 103, 104, 107, 108, 109, 110, 111, 113, 114, 115, 116, 117, 119, 120, 121, 122, 123, 124, 125, 126, 129, 130, 131, 132, 134, 135, 136, 138, 139, 141, 142, 145, 149]
Acurácias: [0.7297, 0.7297, 0.8649, 0.8649, 0.8108, 0.8108, 0.8649, 0.8649, 0.8378, 0.8649, 0.8378, 0.8378, 0.8378, 0.8378, 0.8378]

PAR 71:
Vetor comparação: [0, 4, 8, 10, 14, 27, 31, 32, 36, 39, 40, 42, 50, 51, 53, 63, 64, 65, 66, 69, 85, 86, 87, 99, 100, 109, 111, 115, 122, 126, 131, 132, 134, 139, 142, 146, 149]
Vetor base: [1, 2, 3, 5, 6, 7, 9, 11, 12, 13, 15, 16, 17, 18, 19, 20, 21, 22, 23, 24, 25, 26, 28, 29, 30, 33, 34, 35, 37, 38, 41, 43, 44, 45, 46, 47, 48, 49, 52, 54, 55, 56, 57, 58, 59, 60, 61, 62, 67, 68, 70, 71, 72, 73, 74, 75, 76, 77, 78, 79, 80, 81, 82, 83, 84, 88, 89, 90, 91, 92, 93, 94, 95, 96, 97, 98, 101, 102, 103, 104, 105, 106, 107, 108, 110, 112, 113, 114, 116, 117, 118, 119, 120, 121, 123, 124, 125, 127, 128, 129, 130, 133, 135, 136, 137, 138, 140, 141, 143, 144, 145, 147, 148]
Acurácias: [0.8108, 0.8108, 0.8378, 0.8649, 0.7838, 0.8108, 0.8378, 0.8649, 0.8378, 0.8649, 0.8649, 0.8378, 0.8378, 0.8378, 0.8649]

PAR 72:
Vetor comparação: [5, 6, 11, 15, 21, 26, 27, 30, 32, 36, 38, 43, 44, 46, 52, 58, 62, 72, 74, 77, 79, 88, 89, 101, 104, 106, 108, 114, 116, 120, 125, 126, 133, 136, 138, 139, 142]
Vetor base: [0, 1, 2, 3, 4, 7, 8, 9, 10, 12, 13, 14, 16, 17, 18, 19, 20, 22, 23, 24, 25, 28, 29, 31, 33, 34, 35, 37, 39, 40, 41, 42, 45, 47, 48, 49, 50, 51, 53, 54, 55, 56, 57, 59, 60, 61, 63, 64, 65, 66, 67, 68, 69, 70, 71, 73, 75, 76, 78, 80, 81, 82, 83, 84, 85, 86, 87, 90, 91, 92, 93, 94, 95, 96, 97, 98, 99, 100, 102, 103, 105, 107, 109, 110, 111, 112, 113, 115, 117, 118, 119, 121, 122, 123, 124, 127, 128, 129, 130, 131, 132, 134, 135, 137, 140, 141, 143, 144, 145, 146, 147, 148, 149]
Acurácias: [0.7297, 0.7297, 0.7838, 0.7568, 0.8649, 0.7838, 0.8108, 0.8649, 0.8378, 0.8649, 0.8649, 0.8649, 0.8378, 0.8649, 0.8378]

PAR 73:
Vetor comparação: [0, 4, 7, 19, 21, 26, 29, 32, 34, 37, 39, 43, 45, 47, 49, 50, 52, 56, 68, 74, 78, 87, 88, 93, 95, 98, 102, 105, 106, 118, 119, 120, 129, 131, 133, 137, 146]
Vetor base: [1, 2, 3, 5, 6, 8, 9, 10, 11, 12, 13, 14, 15, 16, 17, 18, 20, 22, 23, 24, 25, 27, 28, 30, 31, 33, 35, 36, 38, 40, 41, 42, 44, 46, 48, 51, 53, 54, 55, 57, 58, 59, 60, 61, 62, 63, 64, 65, 66, 67, 69, 70, 71, 72, 73, 75, 76, 77, 79, 80, 81, 82, 83, 84, 85, 86, 89, 90, 91, 92, 94, 96, 97, 99, 100, 101, 103, 104, 107, 108, 109, 110, 111, 112, 113, 114, 115, 116, 117, 121, 122, 123, 124, 125, 126, 127, 128, 130, 132, 134, 135, 136, 138, 139, 140, 141, 142, 143, 144, 145, 147, 148, 149]
Acurácias: [0.6216, 0.6216, 0.7568, 0.7297, 0.7568, 0.7838, 0.8378, 0.8649, 0.8378, 0.8108, 0.8649, 0.8378, 0.8919, 0.8649, 0.8378]

PAR 74:
Vetor comparação: [8, 9, 10, 16, 20, 21, 23, 24, 25, 33, 45, 46, 52, 53, 54, 56, 60, 62, 72, 78, 79, 86, 91, 93, 98, 104, 109, 113, 115, 124, 126, 129, 133, 137, 138, 146, 148]
Vetor base: [0, 1, 2, 3, 4, 5, 6, 7, 11, 12, 13, 14, 15, 17, 18, 19, 22, 26, 27, 28, 29, 30, 31, 32, 34, 35, 36, 37, 38, 39, 40, 41, 42, 43, 44, 47, 48, 49, 50, 51, 55, 57, 58, 59, 61, 63, 64, 65, 66, 67, 68, 69, 70, 71, 73, 74, 75, 76, 77, 80, 81, 82, 83, 84, 85, 87, 88, 89, 90, 92, 94, 95, 96, 97, 99, 100, 101, 102, 103, 105, 106, 107, 108, 110, 111, 112, 114, 116, 117, 118, 119, 120, 121, 122, 123, 125, 127, 128, 130, 131, 132, 134, 135, 136, 139, 140, 141, 142, 143, 144, 145, 147, 149]
Acurácias: [0.7568, 0.7568, 0.7838, 0.7838, 0.7027, 0.7568, 0.8108, 0.8649, 0.7568, 0.8108, 0.8108, 0.8378, 0.8108, 0.8108, 0.7568]

PAR 75:
Vetor comparação: [1, 5, 7, 8, 15, 18, 19, 34, 38, 41, 42, 43, 45, 46, 48, 49, 50, 52, 53, 59, 60, 69, 73, 74, 75, 82, 83, 85, 98, 125, 126, 133, 134, 135, 139, 147, 149]
Vetor base: [0, 2, 3, 4, 6, 9, 10, 11, 12, 13, 14, 16, 17, 20, 21, 22, 23, 24, 25, 26, 27, 28, 29, 30, 31, 32, 33, 35, 36, 37, 39, 40, 44, 47, 51, 54, 55, 56, 57, 58, 61, 62, 63, 64, 65, 66, 67, 68, 70, 71, 72, 76, 77, 78, 79, 80, 81, 84, 86, 87, 88, 89, 90, 91, 92, 93, 94, 95, 96, 97, 99, 100, 101, 102, 103, 104, 105, 106, 107, 108, 109, 110, 111, 112, 113, 114, 115, 116, 117, 118, 119, 120, 121, 122, 123, 124, 127, 128, 129, 130, 131, 132, 136, 137, 138, 140, 141, 142, 143, 144, 145, 146, 148]
Acurácias: [0.5676, 0.5676, 0.6216, 0.6486, 0.6486, 0.6486, 0.7838, 0.7568, 0.7027, 0.7297, 0.7297, 0.7297, 0.7568, 0.7568, 0.6757]

PAR 76:
Vetor comparação: [1, 5, 24, 25, 36, 38, 40, 48, 52, 53, 56, 65, 68, 71, 73, 74, 79, 81, 83, 84, 85, 90, 96, 103, 108, 109, 113, 115, 118, 124, 127, 129, 131, 133, 136, 141, 142]
Vetor base: [0, 2, 3, 4, 6, 7, 8, 9, 10, 11, 12, 13, 14, 15, 16, 17, 18, 19, 20, 21, 22, 23, 26, 27, 28, 29, 30, 31, 32, 33, 34, 35, 37, 39, 41, 42, 43, 44, 45, 46, 47, 49, 50, 51, 54, 55, 57, 58, 59, 60, 61, 62, 63, 64, 66, 67, 69, 70, 72, 75, 76, 77, 78, 80, 82, 86, 87, 88, 89, 91, 92, 93, 94, 95, 97, 98, 99, 100, 101, 102, 104, 105, 106, 107, 110, 111, 112, 114, 116, 117, 119, 120, 121, 122, 123, 125, 126, 128, 130, 132, 134, 135, 137, 138, 139, 140, 143, 144, 145, 146, 147, 148, 149]
Acurácias: [0.7568, 0.7568, 0.7568, 0.7838, 0.7027, 0.7297, 0.7838, 0.8108, 0.7297, 0.7568, 0.7297, 0.7568, 0.7297, 0.7568, 0.8108]

PAR 77:
Vetor comparação: [0, 3, 6, 11, 14, 15, 23, 24, 29, 31, 33, 39, 42, 47, 51, 54, 55, 64, 65, 68, 71, 72, 74, 75, 76, 78, 81, 94, 97, 104, 105, 117, 120, 131, 137, 142, 146]
Vetor base: [1, 2, 4, 5, 7, 8, 9, 10, 12, 13, 16, 17, 18, 19, 20, 21, 22, 25, 26, 27, 28, 30, 32, 34, 35, 36, 37, 38, 40, 41, 43, 44, 45, 46, 48, 49, 50, 52, 53, 56, 57, 58, 59, 60, 61, 62, 63, 66, 67, 69, 70, 73, 77, 79, 80, 82, 83, 84, 85, 86, 87, 88, 89, 90, 91, 92, 93, 95, 96, 98, 99, 100, 101, 102, 103, 106, 107, 108, 109, 110, 111, 112, 113, 114, 115, 116, 118, 119, 121, 122, 123, 124, 125, 126, 127, 128, 129, 130, 132, 133, 134, 135, 136, 138, 139, 140, 141, 143, 144, 145, 147, 148, 149]
Acurácias: [0.6757, 0.6757, 0.7027, 0.6757, 0.6757, 0.6486, 0.7027, 0.7027, 0.7027, 0.6757, 0.6486, 0.6486, 0.6757, 0.6757, 0.6757]

PAR 78:
Vetor comparação: [0, 5, 9, 10, 12, 15, 19, 22, 29, 35, 38, 50, 51, 54, 55, 57, 63, 64, 68, 78, 80, 87, 96, 100, 104, 105, 112, 113, 116, 118, 121, 125, 127, 132, 142, 143, 147]
Vetor base: [1, 2, 3, 4, 6, 7, 8, 11, 13, 14, 16, 17, 18, 20, 21, 23, 24, 25, 26, 27, 28, 30, 31, 32, 33, 34, 36, 37, 39, 40, 41, 42, 43, 44, 45, 46, 47, 48, 49, 52, 53, 56, 58, 59, 60, 61, 62, 65, 66, 67, 69, 70, 71, 72, 73, 74, 75, 76, 77, 79, 81, 82, 83, 84, 85, 86, 88, 89, 90, 91, 92, 93, 94, 95, 97, 98, 99, 101, 102, 103, 106, 107, 108, 109, 110, 111, 114, 115, 117, 119, 120, 122, 123, 124, 126, 128, 129, 130, 131, 133, 134, 135, 136, 137, 138, 139, 140, 141, 144, 145, 146, 148, 149]
Acurácias: [0.8649, 0.8649, 0.8378, 0.8649, 0.7838, 0.8108, 0.8649, 0.8649, 0.8378, 0.8649, 0.8649, 0.8919, 0.8649, 0.8649, 0.8649]

PAR 79:
Vetor comparação: [8, 10, 11, 14, 17, 22, 24, 26, 33, 34, 35, 37, 43, 53, 57, 62, 65, 68, 70, 80, 83, 85, 88, 90, 94, 97, 100, 106, 112, 113, 115, 121, 123, 124, 134, 136, 146]
Vetor base: [0, 1, 2, 3, 4, 5, 6, 7, 9, 12, 13, 15, 16, 18, 19, 20, 21, 23, 25, 27, 28, 29, 30, 31, 32, 36, 38, 39, 40, 41, 42, 44, 45, 46, 47, 48, 49, 50, 51, 52, 54, 55, 56, 58, 59, 60, 61, 63, 64, 66, 67, 69, 71, 72, 73, 74, 75, 76, 77, 78, 79, 81, 82, 84, 86, 87, 89, 91, 92, 93, 95, 96, 98, 99, 101, 102, 103, 104, 105, 107, 108, 109, 110, 111, 114, 116, 117, 118, 119, 120, 122, 125, 126, 127, 128, 129, 130, 131, 132, 133, 135, 137, 138, 139, 140, 141, 142, 143, 144, 145, 147, 148, 149]
Acurácias: [0.7297, 0.7297, 0.7838, 0.7838, 0.7568, 0.7297, 0.7838, 0.7838, 0.7027, 0.7568, 0.7568, 0.7568, 0.7297, 0.7297, 0.7838]

PAR 80:
Vetor comparação: [3, 5, 10, 11, 14, 16, 25, 26, 30, 38, 39, 51, 60, 61, 62, 68, 69, 77, 82, 84, 87, 88, 92, 93, 100, 102, 107, 110, 113, 122, 123, 134, 140, 141, 145, 147, 149]
Vetor base: [0, 1, 2, 4, 6, 7, 8, 9, 12, 13, 15, 17, 18, 19, 20, 21, 22, 23, 24, 27, 28, 29, 31, 32, 33, 34, 35, 36, 37, 40, 41, 42, 43, 44, 45, 46, 47, 48, 49, 50, 52, 53, 54, 55, 56, 57, 58, 59, 63, 64, 65, 66, 67, 70, 71, 72, 73, 74, 75, 76, 78, 79, 80, 81, 83, 85, 86, 89, 90, 91, 94, 95, 96, 97, 98, 99, 101, 103, 104, 105, 106, 108, 109, 111, 112, 114, 115, 116, 117, 118, 119, 120, 121, 124, 125, 126, 127, 128, 129, 130, 131, 132, 133, 135, 136, 137, 138, 139, 142, 143, 144, 146, 148]
Acurácias: [0.7568, 0.7568, 0.8378, 0.7568, 0.7568, 0.7297, 0.7568, 0.7838, 0.7027, 0.7297, 0.7297, 0.7568, 0.7838, 0.7838, 0.7568]

PAR 81:
Vetor comparação: [1, 7, 9, 11, 12, 13, 17, 22, 29, 32, 36, 37, 44, 56, 59, 62, 65, 66, 71, 74, 75, 78, 82, 86, 87, 98, 99, 100, 109, 111, 113, 114, 122, 126, 129, 131, 135]
Vetor base: [0, 2, 3, 4, 5, 6, 8, 10, 14, 15, 16, 18, 19, 20, 21, 23, 24, 25, 26, 27, 28, 30, 31, 33, 34, 35, 38, 39, 40, 41, 42, 43, 45, 46, 47, 48, 49, 50, 51, 52, 53, 54, 55, 57, 58, 60, 61, 63, 64, 67, 68, 69, 70, 72, 73, 76, 77, 79, 80, 81, 83, 84, 85, 88, 89, 90, 91, 92, 93, 94, 95, 96, 97, 101, 102, 103, 104, 105, 106, 107, 108, 110, 112, 115, 116, 117, 118, 119, 120, 121, 123, 124, 125, 127, 128, 130, 132, 133, 134, 136, 137, 138, 139, 140, 141, 142, 143, 144, 145, 146, 147, 148, 149]
Acurácias: [0.7297, 0.7297, 0.7027, 0.7297, 0.7027, 0.7838, 0.7568, 0.7297, 0.6757, 0.7027, 0.7297, 0.7297, 0.7838, 0.7297, 0.7027]

PAR 82:
Vetor comparação: [7, 13, 23, 29, 32, 35, 38, 40, 58, 59, 60, 65, 67, 69, 70, 73, 79, 80, 83, 84, 85, 86, 89, 96, 100, 108, 111, 116, 118, 122, 125, 128, 134, 135, 142, 145, 149]
Vetor base: [0, 1, 2, 3, 4, 5, 6, 8, 9, 10, 11, 12, 14, 15, 16, 17, 18, 19, 20, 21, 22, 24, 25, 26, 27, 28, 30, 31, 33, 34, 36, 37, 39, 41, 42, 43, 44, 45, 46, 47, 48, 49, 50, 51, 52, 53, 54, 55, 56, 57, 61, 62, 63, 64, 66, 68, 71, 72, 74, 75, 76, 77, 78, 81, 82, 87, 88, 90, 91, 92, 93, 94, 95, 97, 98, 99, 101, 102, 103, 104, 105, 106, 107, 109, 110, 112, 113, 114, 115, 117, 119, 120, 121, 123, 124, 126, 127, 129, 130, 131, 132, 133, 136, 137, 138, 139, 140, 141, 143, 144, 146, 147, 148]
Acurácias: [0.7838, 0.7838, 0.8108, 0.7838, 0.6757, 0.7297, 0.7838, 0.7838, 0.7027, 0.7568, 0.7027, 0.7027, 0.7027, 0.7297, 0.7568]

PAR 83:
Vetor comparação: [3, 5, 7, 11, 14, 16, 17, 18, 27, 31, 32, 44, 46, 52, 54, 56, 58, 67, 73, 74, 78, 81, 83, 88, 89, 91, 95, 96, 99, 116, 120, 125, 126, 137, 143, 144, 149]
Vetor base: [0, 1, 2, 4, 6, 8, 9, 10, 12, 13, 15, 19, 20, 21, 22, 23, 24, 25, 26, 28, 29, 30, 33, 34, 35, 36, 37, 38, 39, 40, 41, 42, 43, 45, 47, 48, 49, 50, 51, 53, 55, 57, 59, 60, 61, 62, 63, 64, 65, 66, 68, 69, 70, 71, 72, 75, 76, 77, 79, 80, 82, 84, 85, 86, 87, 90, 92, 93, 94, 97, 98, 100, 101, 102, 103, 104, 105, 106, 107, 108, 109, 110, 111, 112, 113, 114, 115, 117, 118, 119, 121, 122, 123, 124, 127, 128, 129, 130, 131, 132, 133, 134, 135, 136, 138, 139, 140, 141, 142, 145, 146, 147, 148]
Acurácias: [0.6486, 0.6486, 0.6486, 0.6216, 0.5946, 0.6216, 0.6216, 0.6486, 0.6216, 0.6757, 0.6486, 0.6486, 0.6757, 0.6757, 0.5946]

PAR 84:
Vetor comparação: [1, 22, 29, 34, 35, 40, 41, 46, 48, 51, 53, 54, 55, 56, 58, 60, 71, 74, 75, 77, 83, 85, 93, 98, 100, 105, 109, 113, 119, 121, 127, 128, 129, 138, 145, 148, 149]
Vetor base: [0, 2, 3, 4, 5, 6, 7, 8, 9, 10, 11, 12, 13, 14, 15, 16, 17, 18, 19, 20, 21, 23, 24, 25, 26, 27, 28, 30, 31, 32, 33, 36, 37, 38, 39, 42, 43, 44, 45, 47, 49, 50, 52, 57, 59, 61, 62, 63, 64, 65, 66, 67, 68, 69, 70, 72, 73, 76, 78, 79, 80, 81, 82, 84, 86, 87, 88, 89, 90, 91, 92, 94, 95, 96, 97, 99, 101, 102, 103, 104, 106, 107, 108, 110, 111, 112, 114, 115, 116, 117, 118, 120, 122, 123, 124, 125, 126, 130, 131, 132, 133, 134, 135, 136, 137, 139, 140, 141, 142, 143, 144, 146, 147]
Acurácias: [0.7027, 0.7027, 0.7838, 0.7297, 0.7297, 0.6757, 0.7838, 0.8108, 0.7297, 0.7297, 0.7568, 0.7297, 0.7838, 0.7838, 0.8108]

PAR 85:
Vetor comparação: [1, 9, 14, 16, 17, 19, 32, 36, 39, 42, 48, 50, 56, 57, 71, 78, 80, 81, 84, 86, 87, 88, 90, 92, 97, 102, 109, 110, 113, 114, 117, 127, 132, 135, 137, 139, 143]
Vetor base: [0, 2, 3, 4, 5, 6, 7, 8, 10, 11, 12, 13, 15, 18, 20, 21, 22, 23, 24, 25, 26, 27, 28, 29, 30, 31, 33, 34, 35, 37, 38, 40, 41, 43, 44, 45, 46, 47, 49, 51, 52, 53, 54, 55, 58, 59, 60, 61, 62, 63, 64, 65, 66, 67, 68, 69, 70, 72, 73, 74, 75, 76, 77, 79, 82, 83, 85, 89, 91, 93, 94, 95, 96, 98, 99, 100, 101, 103, 104, 105, 106, 107, 108, 111, 112, 115, 116, 118, 119, 120, 121, 122, 123, 124, 125, 126, 128, 129, 130, 131, 133, 134, 136, 138, 140, 141, 142, 144, 145, 146, 147, 148, 149]
Acurácias: [0.6216, 0.6216, 0.7297, 0.7027, 0.6757, 0.7027, 0.7838, 0.7568, 0.7297, 0.7838, 0.7838, 0.8108, 0.7838, 0.7838, 0.7568]

PAR 86:
Vetor comparação: [0, 4, 8, 19, 28, 33, 34, 40, 42, 50, 53, 54, 58, 66, 67, 68, 70, 73, 77, 81, 88, 92, 95, 100, 101, 104, 107, 108, 110, 117, 119, 123, 128, 139, 142, 143, 146]
Vetor base: [1, 2, 3, 5, 6, 7, 9, 10, 11, 12, 13, 14, 15, 16, 17, 18, 20, 21, 22, 23, 24, 25, 26, 27, 29, 30, 31, 32, 35, 36, 37, 38, 39, 41, 43, 44, 45, 46, 47, 48, 49, 51, 52, 55, 56, 57, 59, 60, 61, 62, 63, 64, 65, 69, 71, 72, 74, 75, 76, 78, 79, 80, 82, 83, 84, 85, 86, 87, 89, 90, 91, 93, 94, 96, 97, 98, 99, 102, 103, 105, 106, 109, 111, 112, 113, 114, 115, 116, 118, 120, 121, 122, 124, 125, 126, 127, 129, 130, 131, 132, 133, 134, 135, 136, 137, 138, 140, 141, 144, 145, 147, 148, 149]
Acurácias: [0.7838, 0.7838, 0.7568, 0.7568, 0.7297, 0.7568, 0.7568, 0.7568, 0.7568, 0.7838, 0.7568, 0.7568, 0.7838, 0.7838, 0.8108]

PAR 87:
Vetor comparação: [0, 7, 9, 13, 15, 29, 30, 32, 33, 35, 37, 54, 56, 61, 62, 70, 72, 73, 75, 80, 84, 86, 88, 93, 97, 100, 101, 104, 105, 108, 117, 120, 126, 128, 134, 138, 140]
Vetor base: [1, 2, 3, 4, 5, 6, 8, 10, 11, 12, 14, 16, 17, 18, 19, 20, 21, 22, 23, 24, 25, 26, 27, 28, 31, 34, 36, 38, 39, 40, 41, 42, 43, 44, 45, 46, 47, 48, 49, 50, 51, 52, 53, 55, 57, 58, 59, 60, 63, 64, 65, 66, 67, 68, 69, 71, 74, 76, 77, 78, 79, 81, 82, 83, 85, 87, 89, 90, 91, 92, 94, 95, 96, 98, 99, 102, 103, 106, 107, 109, 110, 111, 112, 113, 114, 115, 116, 118, 119, 121, 122, 123, 124, 125, 127, 129, 130, 131, 132, 133, 135, 136, 137, 139, 141, 142, 143, 144, 145, 146, 147, 148, 149]
Acurácias: [0.7838, 0.7838, 0.8378, 0.7838, 0.7027, 0.7838, 0.8378, 0.8108, 0.7568, 0.7838, 0.8108, 0.7838, 0.7568, 0.7838, 0.7568]

PAR 88:
Vetor comparação: [0, 18, 25, 27, 30, 31, 35, 39, 41, 45, 47, 48, 49, 50, 51, 55, 57, 64, 65, 66, 70, 71, 72, 109, 115, 119, 123, 124, 129, 135, 136, 138, 141, 142, 144, 145, 147]
Vetor base: [1, 2, 3, 4, 5, 6, 7, 8, 9, 10, 11, 12, 13, 14, 15, 16, 17, 19, 20, 21, 22, 23, 24, 26, 28, 29, 32, 33, 34, 36, 37, 38, 40, 42, 43, 44, 46, 52, 53, 54, 56, 58, 59, 60, 61, 62, 63, 67, 68, 69, 73, 74, 75, 76, 77, 78, 79, 80, 81, 82, 83, 84, 85, 86, 87, 88, 89, 90, 91, 92, 93, 94, 95, 96, 97, 98, 99, 100, 101, 102, 103, 104, 105, 106, 107, 108, 110, 111, 112, 113, 114, 116, 117, 118, 120, 121, 122, 125, 126, 127, 128, 130, 131, 132, 133, 134, 137, 139, 140, 143, 146, 148, 149]
Acurácias: [0.7568, 0.7568, 0.8108, 0.7838, 0.8108, 0.7838, 0.8378, 0.8649, 0.8108, 0.8378, 0.8378, 0.8108, 0.8108, 0.8108, 0.8108]

PAR 89:
Vetor comparação: [13, 14, 15, 16, 21, 22, 26, 29, 31, 35, 36, 41, 46, 48, 55, 56, 57, 60, 61, 63, 64, 71, 72, 74, 78, 79, 81, 86, 88, 90, 92, 96, 107, 109, 126, 133, 146]
Vetor base: [0, 1, 2, 3, 4, 5, 6, 7, 8, 9, 10, 11, 12, 17, 18, 19, 20, 23, 24, 25, 27, 28, 30, 32, 33, 34, 37, 38, 39, 40, 42, 43, 44, 45, 47, 49, 50, 51, 52, 53, 54, 58, 59, 62, 65, 66, 67, 68, 69, 70, 73, 75, 76, 77, 80, 82, 83, 84, 85, 87, 89, 91, 93, 94, 95, 97, 98, 99, 100, 101, 102, 103, 104, 105, 106, 108, 110, 111, 112, 113, 114, 115, 116, 117, 118, 119, 120, 121, 122, 123, 124, 125, 127, 128, 129, 130, 131, 132, 134, 135, 136, 137, 138, 139, 140, 141, 142, 143, 144, 145, 147, 148, 149]
Acurácias: [0.5946, 0.5946, 0.5676, 0.5946, 0.4865, 0.5135, 0.5405, 0.5405, 0.5676, 0.5676, 0.5405, 0.5676, 0.5405, 0.5405, 0.5405]

PAR 90:
Vetor comparação: [0, 1, 9, 12, 14, 18, 24, 30, 31, 46, 49, 52, 61, 63, 67, 71, 76, 81, 82, 86, 92, 93, 99, 100, 106, 109, 117, 119, 123, 124, 128, 129, 134, 139, 140, 144, 147]
Vetor base: [2, 3, 4, 5, 6, 7, 8, 10, 11, 13, 15, 16, 17, 19, 20, 21, 22, 23, 25, 26, 27, 28, 29, 32, 33, 34, 35, 36, 37, 38, 39, 40, 41, 42, 43, 44, 45, 47, 48, 50, 51, 53, 54, 55, 56, 57, 58, 59, 60, 62, 64, 65, 66, 68, 69, 70, 72, 73, 74, 75, 77, 78, 79, 80, 83, 84, 85, 87, 88, 89, 90, 91, 94, 95, 96, 97, 98, 101, 102, 103, 104, 105, 107, 108, 110, 111, 112, 113, 114, 115, 116, 118, 120, 121, 122, 125, 126, 127, 130, 131, 132, 133, 135, 136, 137, 138, 141, 142, 143, 145, 146, 148, 149]
Acurácias: [0.7297, 0.7297, 0.7568, 0.6757, 0.7568, 0.7297, 0.7568, 0.7838, 0.7568, 0.7568, 0.7568, 0.7568, 0.7838, 0.7568, 0.7838]

PAR 91:
Vetor comparação: [1, 7, 9, 13, 21, 22, 23, 26, 27, 33, 36, 38, 43, 46, 50, 52, 57, 67, 70, 71, 72, 78, 79, 82, 97, 99, 105, 113, 117, 121, 129, 130, 131, 132, 134, 144, 145]
Vetor base: [0, 2, 3, 4, 5, 6, 8, 10, 11, 12, 14, 15, 16, 17, 18, 19, 20, 24, 25, 28, 29, 30, 31, 32, 34, 35, 37, 39, 40, 41, 42, 44, 45, 47, 48, 49, 51, 53, 54, 55, 56, 58, 59, 60, 61, 62, 63, 64, 65, 66, 68, 69, 73, 74, 75, 76, 77, 80, 81, 83, 84, 85, 86, 87, 88, 89, 90, 91, 92, 93, 94, 95, 96, 98, 100, 101, 102, 103, 104, 106, 107, 108, 109, 110, 111, 112, 114, 115, 116, 118, 119, 120, 122, 123, 124, 125, 126, 127, 128, 133, 135, 136, 137, 138, 139, 140, 141, 142, 143, 146, 147, 148, 149]
Acurácias: [0.7568, 0.7568, 0.7027, 0.7568, 0.7027, 0.7568, 0.7838, 0.8108, 0.7568, 0.7838, 0.8108, 0.8108, 0.7838, 0.7568, 0.7838]

PAR 92:
Vetor comparação: [0, 1, 4, 7, 9, 12, 21, 25, 28, 29, 31, 33, 35, 38, 40, 46, 47, 48, 59, 68, 69, 70, 73, 78, 81, 86, 95, 103, 106, 112, 115, 117, 120, 122, 126, 129, 145]
Vetor base: [2, 3, 5, 6, 8, 10, 11, 13, 14, 15, 16, 17, 18, 19, 20, 22, 23, 24, 26, 27, 30, 32, 34, 36, 37, 39, 41, 42, 43, 44, 45, 49, 50, 51, 52, 53, 54, 55, 56, 57, 58, 60, 61, 62, 63, 64, 65, 66, 67, 71, 72, 74, 75, 76, 77, 79, 80, 82, 83, 84, 85, 87, 88, 89, 90, 91, 92, 93, 94, 96, 97, 98, 99, 100, 101, 102, 104, 105, 107, 108, 109, 110, 111, 113, 114, 116, 118, 119, 121, 123, 124, 125, 127, 128, 130, 131, 132, 133, 134, 135, 136, 137, 138, 139, 140, 141, 142, 143, 144, 146, 147, 148, 149]
Acurácias: [0.6757, 0.6757, 0.6757, 0.7027, 0.7568, 0.7838, 0.8108, 0.7838, 0.7838, 0.8108, 0.8108, 0.8108, 0.8108, 0.8378, 0.7838]

PAR 93:
Vetor comparação: [5, 6, 21, 22, 27, 31, 33, 36, 42, 54, 60, 62, 63, 64, 65, 67, 68, 69, 78, 82, 99, 100, 101, 103, 116, 118, 121, 124, 125, 129, 136, 137, 138, 139, 142, 143, 145]
Vetor base: [0, 1, 2, 3, 4, 7, 8, 9, 10, 11, 12, 13, 14, 15, 16, 17, 18, 19, 20, 23, 24, 25, 26, 28, 29, 30, 32, 34, 35, 37, 38, 39, 40, 41, 43, 44, 45, 46, 47, 48, 49, 50, 51, 52, 53, 55, 56, 57, 58, 59, 61, 66, 70, 71, 72, 73, 74, 75, 76, 77, 79, 80, 81, 83, 84, 85, 86, 87, 88, 89, 90, 91, 92, 93, 94, 95, 96, 97, 98, 102, 104, 105, 106, 107, 108, 109, 110, 111, 112, 113, 114, 115, 117, 119, 120, 122, 123, 126, 127, 128, 130, 131, 132, 133, 134, 135, 140, 141, 144, 146, 147, 148, 149]
Acurácias: [0.8919, 0.8919, 0.8108, 0.8108, 0.8108, 0.8108, 0.7838, 0.8108, 0.7027, 0.8108, 0.7297, 0.7568, 0.7568, 0.8108, 0.7027]

PAR 94:
Vetor comparação: [1, 8, 13, 14, 16, 21, 27, 31, 35, 50, 51, 53, 54, 77, 79, 86, 96, 102, 105, 107, 109, 113, 115, 116, 117, 125, 128, 129, 130, 132, 134, 138, 139, 142, 143, 144, 146]
Vetor base: [0, 2, 3, 4, 5, 6, 7, 9, 10, 11, 12, 15, 17, 18, 19, 20, 22, 23, 24, 25, 26, 28, 29, 30, 32, 33, 34, 36, 37, 38, 39, 40, 41, 42, 43, 44, 45, 46, 47, 48, 49, 52, 55, 56, 57, 58, 59, 60, 61, 62, 63, 64, 65, 66, 67, 68, 69, 70, 71, 72, 73, 74, 75, 76, 78, 80, 81, 82, 83, 84, 85, 87, 88, 89, 90, 91, 92, 93, 94, 95, 97, 98, 99, 100, 101, 103, 104, 106, 108, 110, 111, 112, 114, 118, 119, 120, 121, 122, 123, 124, 126, 127, 131, 133, 135, 136, 137, 140, 141, 145, 147, 148, 149]
Acurácias: [0.9189, 0.9189, 0.9459, 0.9459, 0.9459, 0.9459, 0.8919, 0.9189, 0.8649, 0.9189, 0.8649, 0.8649, 0.8649, 0.8919, 0.8649]

PAR 95:
Vetor comparação: [7, 10, 12, 18, 19, 21, 22, 25, 32, 35, 36, 37, 38, 49, 53, 58, 62, 63, 68, 71, 73, 79, 81, 83, 88, 98, 99, 105, 106, 111, 112, 114, 122, 133, 134, 138, 141]
Vetor base: [0, 1, 2, 3, 4, 5, 6, 8, 9, 11, 13, 14, 15, 16, 17, 20, 23, 24, 26, 27, 28, 29, 30, 31, 33, 34, 39, 40, 41, 42, 43, 44, 45, 46, 47, 48, 50, 51, 52, 54, 55, 56, 57, 59, 60, 61, 64, 65, 66, 67, 69, 70, 72, 74, 75, 76, 77, 78, 80, 82, 84, 85, 86, 87, 89, 90, 91, 92, 93, 94, 95, 96, 97, 100, 101, 102, 103, 104, 107, 108, 109, 110, 113, 115, 116, 117, 118, 119, 120, 121, 123, 124, 125, 126, 127, 128, 129, 130, 131, 132, 135, 136, 137, 139, 140, 142, 143, 144, 145, 146, 147, 148, 149]
Acurácias: [0.6757, 0.6757, 0.5946, 0.6486, 0.7297, 0.6757, 0.6757, 0.7568, 0.7027, 0.7027, 0.7027, 0.7297, 0.7297, 0.7027, 0.6486]

PAR 96:
Vetor comparação: [3, 8, 14, 15, 17, 27, 31, 35, 36, 39, 41, 43, 44, 47, 49, 62, 63, 73, 74, 77, 82, 86, 88, 94, 95, 96, 102, 111, 113, 114, 121, 127, 132, 136, 143, 147, 148]
Vetor base: [0, 1, 2, 4, 5, 6, 7, 9, 10, 11, 12, 13, 16, 18, 19, 20, 21, 22, 23, 24, 25, 26, 28, 29, 30, 32, 33, 34, 37, 38, 40, 42, 45, 46, 48, 50, 51, 52, 53, 54, 55, 56, 57, 58, 59, 60, 61, 64, 65, 66, 67, 68, 69, 70, 71, 72, 75, 76, 78, 79, 80, 81, 83, 84, 85, 87, 89, 90, 91, 92, 93, 97, 98, 99, 100, 101, 103, 104, 105, 106, 107, 108, 109, 110, 112, 115, 116, 117, 118, 119, 120, 122, 123, 124, 125, 126, 128, 129, 130, 131, 133, 134, 135, 137, 138, 139, 140, 141, 142, 144, 145, 146, 149]
Acurácias: [0.5405, 0.5405, 0.6757, 0.6486, 0.6486, 0.6757, 0.8108, 0.7838, 0.7838, 0.7568, 0.8108, 0.8108, 0.8378, 0.8108, 0.8378]

PAR 97:
Vetor comparação: [3, 5, 8, 10, 11, 13, 18, 22, 30, 31, 32, 37, 46, 48, 49, 51, 54, 56, 57, 66, 70, 74, 77, 89, 92, 94, 96, 98, 108, 115, 122, 123, 128, 133, 137, 142, 146]
Vetor base: [0, 1, 2, 4, 6, 7, 9, 12, 14, 15, 16, 17, 19, 20, 21, 23, 24, 25, 26, 27, 28, 29, 33, 34, 35, 36, 38, 39, 40, 41, 42, 43, 44, 45, 47, 50, 52, 53, 55, 58, 59, 60, 61, 62, 63, 64, 65, 67, 68, 69, 71, 72, 73, 75, 76, 78, 79, 80, 81, 82, 83, 84, 85, 86, 87, 88, 90, 91, 93, 95, 97, 99, 100, 101, 102, 103, 104, 105, 106, 107, 109, 110, 111, 112, 113, 114, 116, 117, 118, 119, 120, 121, 124, 125, 126, 127, 129, 130, 131, 132, 134, 135, 136, 138, 139, 140, 141, 143, 144, 145, 147, 148, 149]
Acurácias: [0.7027, 0.7027, 0.7568, 0.7297, 0.6216, 0.7297, 0.7027, 0.7838, 0.7027, 0.7568, 0.7297, 0.7297, 0.7297, 0.7297, 0.6486]

PAR 98:
Vetor comparação: [0, 1, 5, 9, 13, 19, 32, 34, 37, 39, 42, 46, 60, 65, 66, 73, 75, 82, 85, 91, 99, 101, 102, 104, 105, 106, 108, 109, 112, 116, 127, 131, 137, 140, 145, 146, 148]
Vetor base: [2, 3, 4, 6, 7, 8, 10, 11, 12, 14, 15, 16, 17, 18, 20, 21, 22, 23, 24, 25, 26, 27, 28, 29, 30, 31, 33, 35, 36, 38, 40, 41, 43, 44, 45, 47, 48, 49, 50, 51, 52, 53, 54, 55, 56, 57, 58, 59, 61, 62, 63, 64, 67, 68, 69, 70, 71, 72, 74, 76, 77, 78, 79, 80, 81, 83, 84, 86, 87, 88, 89, 90, 92, 93, 94, 95, 96, 97, 98, 100, 103, 107, 110, 111, 113, 114, 115, 117, 118, 119, 120, 121, 122, 123, 124, 125, 126, 128, 129, 130, 132, 133, 134, 135, 136, 138, 139, 141, 142, 143, 144, 147, 149]
Acurácias: [0.7838, 0.7838, 0.8649, 0.8649, 0.8378, 0.8649, 0.8649, 0.9189, 0.8378, 0.9189, 0.8378, 0.8378, 0.8378, 0.8649, 0.8108]

PAR 99:
Vetor comparação: [1, 13, 17, 23, 26, 27, 28, 29, 30, 32, 33, 34, 37, 38, 50, 53, 54, 58, 65, 68, 69, 73, 74, 79, 90, 92, 106, 107, 109, 113, 115, 124, 129, 130, 141, 148, 149]
Vetor base: [0, 2, 3, 4, 5, 6, 7, 8, 9, 10, 11, 12, 14, 15, 16, 18, 19, 20, 21, 22, 24, 25, 31, 35, 36, 39, 40, 41, 42, 43, 44, 45, 46, 47, 48, 49, 51, 52, 55, 56, 57, 59, 60, 61, 62, 63, 64, 66, 67, 70, 71, 72, 75, 76, 77, 78, 80, 81, 82, 83, 84, 85, 86, 87, 88, 89, 91, 93, 94, 95, 96, 97, 98, 99, 100, 101, 102, 103, 104, 105, 108, 110, 111, 112, 114, 116, 117, 118, 119, 120, 121, 122, 123, 125, 126, 127, 128, 131, 132, 133, 134, 135, 136, 137, 138, 139, 140, 142, 143, 144, 145, 146, 147]
Acurácias: [0.8378, 0.8378, 0.7838, 0.8108, 0.7568, 0.7838, 0.8108, 0.8649, 0.8108, 0.8108, 0.8108, 0.8649, 0.8649, 0.8649, 0.8108]

PAR 100:
Vetor comparação: [2, 4, 6, 16, 18, 20, 21, 27, 29, 34, 37, 39, 43, 44, 45, 46, 47, 53, 61, 63, 65, 69, 76, 78, 80, 82, 84, 97, 98, 99, 110, 111, 114, 119, 137, 147, 149]
Vetor base: [0, 1, 3, 5, 7, 8, 9, 10, 11, 12, 13, 14, 15, 17, 19, 22, 23, 24, 25, 26, 28, 30, 31, 32, 33, 35, 36, 38, 40, 41, 42, 48, 49, 50, 51, 52, 54, 55, 56, 57, 58, 59, 60, 62, 64, 66, 67, 68, 70, 71, 72, 73, 74, 75, 77, 79, 81, 83, 85, 86, 87, 88, 89, 90, 91, 92, 93, 94, 95, 96, 100, 101, 102, 103, 104, 105, 106, 107, 108, 109, 112, 113, 115, 116, 117, 118, 120, 121, 122, 123, 124, 125, 126, 127, 128, 129, 130, 131, 132, 133, 134, 135, 136, 138, 139, 140, 141, 142, 143, 144, 145, 146, 148]
Acurácias: [0.5676, 0.5676, 0.6757, 0.5676, 0.7027, 0.6486, 0.6757, 0.6757, 0.7297, 0.7027, 0.7027, 0.6757, 0.7027, 0.6757, 0.7027]

PAR 101:
Vetor comparação: [4, 5, 26, 30, 31, 39, 43, 44, 45, 46, 49, 51, 55, 64, 67, 68, 75, 79, 80, 84, 86, 87, 91, 97, 103, 104, 107, 115, 118, 121, 129, 132, 136, 140, 141, 143, 147]
Vetor base: [0, 1, 2, 3, 6, 7, 8, 9, 10, 11, 12, 13, 14, 15, 16, 17, 18, 19, 20, 21, 22, 23, 24, 25, 27, 28, 29, 32, 33, 34, 35, 36, 37, 38, 40, 41, 42, 47, 48, 50, 52, 53, 54, 56, 57, 58, 59, 60, 61, 62, 63, 65, 66, 69, 70, 71, 72, 73, 74, 76, 77, 78, 81, 82, 83, 85, 88, 89, 90, 92, 93, 94, 95, 96, 98, 99, 100, 101, 102, 105, 106, 108, 109, 110, 111, 112, 113, 114, 116, 117, 119, 120, 122, 123, 124, 125, 126, 127, 128, 130, 131, 133, 134, 135, 137, 138, 139, 142, 144, 145, 146, 148, 149]
Acurácias: [0.6486, 0.6486, 0.8108, 0.7297, 0.7838, 0.7568, 0.8108, 0.8108, 0.8378, 0.8378, 0.8378, 0.8378, 0.8378, 0.8378, 0.8378]

PAR 102:
Vetor comparação: [3, 6, 7, 8, 12, 13, 14, 16, 29, 36, 37, 46, 55, 60, 67, 69, 71, 72, 79, 80, 81, 86, 91, 93, 94, 100, 102, 106, 109, 121, 125, 128, 133, 134, 137, 145, 146]
Vetor base: [0, 1, 2, 4, 5, 9, 10, 11, 15, 17, 18, 19, 20, 21, 22, 23, 24, 25, 26, 27, 28, 30, 31, 32, 33, 34, 35, 38, 39, 40, 41, 42, 43, 44, 45, 47, 48, 49, 50, 51, 52, 53, 54, 56, 57, 58, 59, 61, 62, 63, 64, 65, 66, 68, 70, 73, 74, 75, 76, 77, 78, 82, 83, 84, 85, 87, 88, 89, 90, 92, 95, 96, 97, 98, 99, 101, 103, 104, 105, 107, 108, 110, 111, 112, 113, 114, 115, 116, 117, 118, 119, 120, 122, 123, 124, 126, 127, 129, 130, 131, 132, 135, 136, 138, 139, 140, 141, 142, 143, 144, 147, 148, 149]
Acurácias: [0.7838, 0.7838, 0.7027, 0.7297, 0.6757, 0.7027, 0.7027, 0.7568, 0.7297, 0.7568, 0.7297, 0.7568, 0.7297, 0.7297, 0.7027]

PAR 103:
Vetor comparação: [3, 5, 7, 10, 19, 20, 25, 30, 33, 36, 38, 46, 49, 55, 57, 59, 60, 67, 75, 78, 84, 85, 89, 91, 96, 97, 98, 107, 110, 112, 124, 126, 128, 134, 136, 139, 144]
Vetor base: [0, 1, 2, 4, 6, 8, 9, 11, 12, 13, 14, 15, 16, 17, 18, 21, 22, 23, 24, 26, 27, 28, 29, 31, 32, 34, 35, 37, 39, 40, 41, 42, 43, 44, 45, 47, 48, 50, 51, 52, 53, 54, 56, 58, 61, 62, 63, 64, 65, 66, 68, 69, 70, 71, 72, 73, 74, 76, 77, 79, 80, 81, 82, 83, 86, 87, 88, 90, 92, 93, 94, 95, 99, 100, 101, 102, 103, 104, 105, 106, 108, 109, 111, 113, 114, 115, 116, 117, 118, 119, 120, 121, 122, 123, 125, 127, 129, 130, 131, 132, 133, 135, 137, 138, 140, 141, 142, 143, 145, 146, 147, 148, 149]
Acurácias: [0.6757, 0.6757, 0.6757, 0.6486, 0.6486, 0.6216, 0.6757, 0.7027, 0.6216, 0.7027, 0.7027, 0.6757, 0.7027, 0.7027, 0.6757]

PAR 104:
Vetor comparação: [4, 5, 7, 24, 25, 28, 32, 35, 40, 41, 43, 44, 53, 55, 59, 68, 69, 73, 76, 81, 82, 83, 90, 98, 100, 104, 108, 109, 110, 119, 120, 122, 125, 133, 139, 141, 142]
Vetor base: [0, 1, 2, 3, 6, 8, 9, 10, 11, 12, 13, 14, 15, 16, 17, 18, 19, 20, 21, 22, 23, 26, 27, 29, 30, 31, 33, 34, 36, 37, 38, 39, 42, 45, 46, 47, 48, 49, 50, 51, 52, 54, 56, 57, 58, 60, 61, 62, 63, 64, 65, 66, 67, 70, 71, 72, 74, 75, 77, 78, 79, 80, 84, 85, 86, 87, 88, 89, 91, 92, 93, 94, 95, 96, 97, 99, 101, 102, 103, 105, 106, 107, 111, 112, 113, 114, 115, 116, 117, 118, 121, 123, 124, 126, 127, 128, 129, 130, 131, 132, 134, 135, 136, 137, 138, 140, 143, 144, 145, 146, 147, 148, 149]
Acurácias: [0.7027, 0.7027, 0.6216, 0.7297, 0.7027, 0.6757, 0.7297, 0.7297, 0.7297, 0.7297, 0.7297, 0.7297, 0.7568, 0.7568, 0.7838]

PAR 105:
Vetor comparação: [0, 2, 3, 4, 6, 12, 13, 15, 17, 18, 19, 21, 32, 38, 42, 55, 60, 61, 68, 69, 73, 79, 82, 85, 89, 90, 96, 103, 104, 112, 113, 120, 137, 139, 140, 144, 146]
Vetor base: [1, 5, 7, 8, 9, 10, 11, 14, 16, 20, 22, 23, 24, 25, 26, 27, 28, 29, 30, 31, 33, 34, 35, 36, 37, 39, 40, 41, 43, 44, 45, 46, 47, 48, 49, 50, 51, 52, 53, 54, 56, 57, 58, 59, 62, 63, 64, 65, 66, 67, 70, 71, 72, 74, 75, 76, 77, 78, 80, 81, 83, 84, 86, 87, 88, 91, 92, 93, 94, 95, 97, 98, 99, 100, 101, 102, 105, 106, 107, 108, 109, 110, 111, 114, 115, 116, 117, 118, 119, 121, 122, 123, 124, 125, 126, 127, 128, 129, 130, 131, 132, 133, 134, 135, 136, 138, 141, 142, 143, 145, 147, 148, 149]
Acurácias: [0.7568, 0.7568, 0.7297, 0.7297, 0.6757, 0.6486, 0.7297, 0.7568, 0.7027, 0.7297, 0.7027, 0.7297, 0.7297, 0.7297, 0.6757]

PAR 106:
Vetor comparação: [8, 9, 11, 15, 22, 23, 25, 26, 35, 42, 44, 47, 52, 57, 58, 60, 61, 63, 77, 79, 80, 86, 87, 88, 94, 95, 97, 111, 125, 126, 131, 133, 135, 137, 139, 146, 147]
Vetor base: [0, 1, 2, 3, 4, 5, 6, 7, 10, 12, 13, 14, 16, 17, 18, 19, 20, 21, 24, 27, 28, 29, 30, 31, 32, 33, 34, 36, 37, 38, 39, 40, 41, 43, 45, 46, 48, 49, 50, 51, 53, 54, 55, 56, 59, 62, 64, 65, 66, 67, 68, 69, 70, 71, 72, 73, 74, 75, 76, 78, 81, 82, 83, 84, 85, 89, 90, 91, 92, 93, 96, 98, 99, 100, 101, 102, 103, 104, 105, 106, 107, 108, 109, 110, 112, 113, 114, 115, 116, 117, 118, 119, 120, 121, 122, 123, 124, 127, 128, 129, 130, 132, 134, 136, 138, 140, 141, 142, 143, 144, 145, 148, 149]
Acurácias: [0.6757, 0.6757, 0.6216, 0.6486, 0.6216, 0.6216, 0.6216, 0.6757, 0.6757, 0.7838, 0.7568, 0.7838, 0.7838, 0.7297, 0.7027]

PAR 107:
Vetor comparação: [1, 9, 11, 13, 14, 15, 19, 20, 21, 29, 35, 41, 42, 44, 45, 50, 70, 73, 80, 85, 96, 100, 103, 104, 108, 109, 111, 118, 119, 121, 122, 123, 126, 135, 139, 143, 148]
Vetor base: [0, 2, 3, 4, 5, 6, 7, 8, 10, 12, 16, 17, 18, 22, 23, 24, 25, 26, 27, 28, 30, 31, 32, 33, 34, 36, 37, 38, 39, 40, 43, 46, 47, 48, 49, 51, 52, 53, 54, 55, 56, 57, 58, 59, 60, 61, 62, 63, 64, 65, 66, 67, 68, 69, 71, 72, 74, 75, 76, 77, 78, 79, 81, 82, 83, 84, 86, 87, 88, 89, 90, 91, 92, 93, 94, 95, 97, 98, 99, 101, 102, 105, 106, 107, 110, 112, 113, 114, 115, 116, 117, 120, 124, 125, 127, 128, 129, 130, 131, 132, 133, 134, 136, 137, 138, 140, 141, 142, 144, 145, 146, 147, 149]
Acurácias: [0.7297, 0.7297, 0.7568, 0.7568, 0.7838, 0.7568, 0.8108, 0.8108, 0.8378, 0.8649, 0.8649, 0.8649, 0.8649, 0.8649, 0.8378]

PAR 108:
Vetor comparação: [0, 1, 4, 5, 6, 23, 33, 35, 37, 50, 53, 57, 66, 70, 71, 73, 75, 77, 80, 82, 85, 87, 97, 98, 102, 103, 107, 110, 114, 115, 121, 124, 131, 135, 139, 143, 146]
Vetor base: [2, 3, 7, 8, 9, 10, 11, 12, 13, 14, 15, 16, 17, 18, 19, 20, 21, 22, 24, 25, 26, 27, 28, 29, 30, 31, 32, 34, 36, 38, 39, 40, 41, 42, 43, 44, 45, 46, 47, 48, 49, 51, 52, 54, 55, 56, 58, 59, 60, 61, 62, 63, 64, 65, 67, 68, 69, 72, 74, 76, 78, 79, 81, 83, 84, 86, 88, 89, 90, 91, 92, 93, 94, 95, 96, 99, 100, 101, 104, 105, 106, 108, 109, 111, 112, 113, 116, 117, 118, 119, 120, 122, 123, 125, 126, 127, 128, 129, 130, 132, 133, 134, 136, 137, 138, 140, 141, 142, 144, 145, 147, 148, 149]
Acurácias: [0.8108, 0.8108, 0.8108, 0.8378, 0.7027, 0.7568, 0.7838, 0.8108, 0.7568, 0.8108, 0.8108, 0.7568, 0.7568, 0.7838, 0.8108]

PAR 109:
Vetor comparação: [1, 3, 5, 6, 10, 11, 19, 21, 31, 35, 36, 39, 46, 47, 53, 54, 61, 62, 78, 80, 84, 87, 88, 94, 95, 109, 110, 111, 113, 117, 118, 124, 130, 141, 142, 143, 148]
Vetor base: [0, 2, 4, 7, 8, 9, 12, 13, 14, 15, 16, 17, 18, 20, 22, 23, 24, 25, 26, 27, 28, 29, 30, 32, 33, 34, 37, 38, 40, 41, 42, 43, 44, 45, 48, 49, 50, 51, 52, 55, 56, 57, 58, 59, 60, 63, 64, 65, 66, 67, 68, 69, 70, 71, 72, 73, 74, 75, 76, 77, 79, 81, 82, 83, 85, 86, 89, 90, 91, 92, 93, 96, 97, 98, 99, 100, 101, 102, 103, 104, 105, 106, 107, 108, 112, 114, 115, 116, 119, 120, 121, 122, 123, 125, 126, 127, 128, 129, 131, 132, 133, 134, 135, 136, 137, 138, 139, 140, 144, 145, 146, 147, 149]
Acurácias: [0.7027, 0.7027, 0.8108, 0.7568, 0.7568, 0.7838, 0.8108, 0.8108, 0.7568, 0.7568, 0.7568, 0.7838, 0.7838, 0.7838, 0.7838]

PAR 110:
Vetor comparação: [8, 15, 16, 25, 34, 49, 50, 52, 53, 55, 56, 59, 60, 63, 73, 78, 83, 85, 90, 91, 93, 95, 98, 100, 104, 110, 112, 115, 116, 121, 133, 134, 139, 140, 146, 148, 149]
Vetor base: [0, 1, 2, 3, 4, 5, 6, 7, 9, 10, 11, 12, 13, 14, 17, 18, 19, 20, 21, 22, 23, 24, 26, 27, 28, 29, 30, 31, 32, 33, 35, 36, 37, 38, 39, 40, 41, 42, 43, 44, 45, 46, 47, 48, 51, 54, 57, 58, 61, 62, 64, 65, 66, 67, 68, 69, 70, 71, 72, 74, 75, 76, 77, 79, 80, 81, 82, 84, 86, 87, 88, 89, 92, 94, 96, 97, 99, 101, 102, 103, 105, 106, 107, 108, 109, 111, 113, 114, 117, 118, 119, 120, 122, 123, 124, 125, 126, 127, 128, 129, 130, 131, 132, 135, 136, 137, 138, 141, 142, 143, 144, 145, 147]
Acurácias: [0.7568, 0.7568, 0.7568, 0.8108, 0.6216, 0.7027, 0.7838, 0.8108, 0.7297, 0.7838, 0.7297, 0.7568, 0.7297, 0.7568, 0.7838]

PAR 111:
Vetor comparação: [3, 5, 14, 15, 17, 18, 28, 31, 32, 39, 40, 41, 42, 43, 46, 55, 60, 63, 66, 72, 74, 75, 80, 92, 98, 104, 111, 116, 117, 121, 122, 129, 130, 132, 140, 143, 149]
Vetor base: [0, 1, 2, 4, 6, 7, 8, 9, 10, 11, 12, 13, 16, 19, 20, 21, 22, 23, 24, 25, 26, 27, 29, 30, 33, 34, 35, 36, 37, 38, 44, 45, 47, 48, 49, 50, 51, 52, 53, 54, 56, 57, 58, 59, 61, 62, 64, 65, 67, 68, 69, 70, 71, 73, 76, 77, 78, 79, 81, 82, 83, 84, 85, 86, 87, 88, 89, 90, 91, 93, 94, 95, 96, 97, 99, 100, 101, 102, 103, 105, 106, 107, 108, 109, 110, 112, 113, 114, 115, 118, 119, 120, 123, 124, 125, 126, 127, 128, 131, 133, 134, 135, 136, 137, 138, 139, 141, 142, 144, 145, 146, 147, 148]
Acurácias: [0.7297, 0.7297, 0.8378, 0.8378, 0.7568, 0.8108, 0.8378, 0.8378, 0.8378, 0.8378, 0.8378, 0.8649, 0.8378, 0.8378, 0.8108]

PAR 112:
Vetor comparação: [6, 13, 14, 29, 41, 43, 46, 48, 52, 53, 55, 60, 62, 64, 69, 81, 84, 85, 89, 91, 93, 97, 103, 108, 116, 118, 119, 120, 122, 123, 124, 128, 130, 137, 139, 141, 142]
Vetor base: [0, 1, 2, 3, 4, 5, 7, 8, 9, 10, 11, 12, 15, 16, 17, 18, 19, 20, 21, 22, 23, 24, 25, 26, 27, 28, 30, 31, 32, 33, 34, 35, 36, 37, 38, 39, 40, 42, 44, 45, 47, 49, 50, 51, 54, 56, 57, 58, 59, 61, 63, 65, 66, 67, 68, 70, 71, 72, 73, 74, 75, 76, 77, 78, 79, 80, 82, 83, 86, 87, 88, 90, 92, 94, 95, 96, 98, 99, 100, 101, 102, 104, 105, 106, 107, 109, 110, 111, 112, 113, 114, 115, 117, 121, 125, 126, 127, 129, 131, 132, 133, 134, 135, 136, 138, 140, 143, 144, 145, 146, 147, 148, 149]
Acurácias: [0.6757, 0.6757, 0.8378, 0.7027, 0.6757, 0.6216, 0.7027, 0.7297, 0.7027, 0.7297, 0.7027, 0.6757, 0.7027, 0.7027, 0.7027]

PAR 113:
Vetor comparação: [3, 5, 11, 12, 14, 21, 23, 25, 32, 39, 40, 42, 51, 52, 59, 60, 63, 64, 65, 78, 82, 88, 90, 91, 98, 104, 105, 121, 124, 133, 136, 140, 141, 142, 143, 144, 147]
Vetor base: [0, 1, 2, 4, 6, 7, 8, 9, 10, 13, 15, 16, 17, 18, 19, 20, 22, 24, 26, 27, 28, 29, 30, 31, 33, 34, 35, 36, 37, 38, 41, 43, 44, 45, 46, 47, 48, 49, 50, 53, 54, 55, 56, 57, 58, 61, 62, 66, 67, 68, 69, 70, 71, 72, 73, 74, 75, 76, 77, 79, 80, 81, 83, 84, 85, 86, 87, 89, 92, 93, 94, 95, 96, 97, 99, 100, 101, 102, 103, 106, 107, 108, 109, 110, 111, 112, 113, 114, 115, 116, 117, 118, 119, 120, 122, 123, 125, 126, 127, 128, 129, 130, 131, 132, 134, 135, 137, 138, 139, 145, 146, 148, 149]
Acurácias: [0.7568, 0.7568, 0.7297, 0.7838, 0.6757, 0.7568, 0.8108, 0.8649, 0.8108, 0.8378, 0.8108, 0.8378, 0.8378, 0.8378, 0.8108]

PAR 114:
Vetor comparação: [1, 5, 6, 12, 14, 15, 25, 35, 38, 49, 50, 54, 60, 62, 63, 69, 71, 72, 74, 75, 84, 85, 88, 91, 100, 105, 108, 112, 117, 124, 128, 129, 130, 134, 135, 137, 144]
Vetor base: [0, 2, 3, 4, 7, 8, 9, 10, 11, 13, 16, 17, 18, 19, 20, 21, 22, 23, 24, 26, 27, 28, 29, 30, 31, 32, 33, 34, 36, 37, 39, 40, 41, 42, 43, 44, 45, 46, 47, 48, 51, 52, 53, 55, 56, 57, 58, 59, 61, 64, 65, 66, 67, 68, 70, 73, 76, 77, 78, 79, 80, 81, 82, 83, 86, 87, 89, 90, 92, 93, 94, 95, 96, 97, 98, 99, 101, 102, 103, 104, 106, 107, 109, 110, 111, 113, 114, 115, 116, 118, 119, 120, 121, 122, 123, 125, 126, 127, 131, 132, 133, 136, 138, 139, 140, 141, 142, 143, 145, 146, 147, 148, 149]
Acurácias: [0.8649, 0.8649, 0.8919, 0.8649, 0.8108, 0.8108, 0.8649, 0.9189, 0.8378, 0.8649, 0.8378, 0.8378, 0.8108, 0.8108, 0.8108]

PAR 115:
Vetor comparação: [4, 5, 8, 10, 21, 23, 26, 33, 36, 46, 47, 50, 53, 56, 57, 60, 69, 72, 73, 75, 80, 83, 89, 91, 103, 106, 111, 121, 122, 123, 126, 127, 129, 132, 138, 146, 148]
Vetor base: [0, 1, 2, 3, 6, 7, 9, 11, 12, 13, 14, 15, 16, 17, 18, 19, 20, 22, 24, 25, 27, 28, 29, 30, 31, 32, 34, 35, 37, 38, 39, 40, 41, 42, 43, 44, 45, 48, 49, 51, 52, 54, 55, 58, 59, 61, 62, 63, 64, 65, 66, 67, 68, 70, 71, 74, 76, 77, 78, 79, 81, 82, 84, 85, 86, 87, 88, 90, 92, 93, 94, 95, 96, 97, 98, 99, 100, 101, 102, 104, 105, 107, 108, 109, 110, 112, 113, 114, 115, 116, 117, 118, 119, 120, 124, 125, 128, 130, 131, 133, 134, 135, 136, 137, 139, 140, 141, 142, 143, 144, 145, 147, 149]
Acurácias: [0.7568, 0.7568, 0.7568, 0.7027, 0.6757, 0.6757, 0.8108, 0.8378, 0.7838, 0.8378, 0.8378, 0.8378, 0.7838, 0.7838, 0.7838]

PAR 116:
Vetor comparação: [3, 4, 6, 7, 14, 25, 27, 31, 33, 34, 38, 39, 45, 50, 55, 59, 62, 70, 78, 96, 103, 105, 112, 115, 116, 117, 119, 125, 126, 129, 130, 131, 133, 138, 140, 142, 144]
Vetor base: [0, 1, 2, 5, 8, 9, 10, 11, 12, 13, 15, 16, 17, 18, 19, 20, 21, 22, 23, 24, 26, 28, 29, 30, 32, 35, 36, 37, 40, 41, 42, 43, 44, 46, 47, 48, 49, 51, 52, 53, 54, 56, 57, 58, 60, 61, 63, 64, 65, 66, 67, 68, 69, 71, 72, 73, 74, 75, 76, 77, 79, 80, 81, 82, 83, 84, 85, 86, 87, 88, 89, 90, 91, 92, 93, 94, 95, 97, 98, 99, 100, 101, 102, 104, 106, 107, 108, 109, 110, 111, 113, 114, 118, 120, 121, 122, 123, 124, 127, 128, 132, 134, 135, 136, 137, 139, 141, 143, 145, 146, 147, 148, 149]
Acurácias: [0.8378, 0.8378, 0.7838, 0.8649, 0.8378, 0.8378, 0.8378, 0.8378, 0.7568, 0.7838, 0.7568, 0.7838, 0.7838, 0.8108, 0.7568]

PAR 117:
Vetor comparação: [1, 2, 3, 7, 14, 15, 16, 19, 26, 28, 39, 55, 57, 60, 61, 63, 64, 67, 69, 70, 71, 76, 92, 95, 98, 102, 103, 104, 109, 113, 114, 123, 127, 129, 138, 139, 145]
Vetor base: [0, 4, 5, 6, 8, 9, 10, 11, 12, 13, 17, 18, 20, 21, 22, 23, 24, 25, 27, 29, 30, 31, 32, 33, 34, 35, 36, 37, 38, 40, 41, 42, 43, 44, 45, 46, 47, 48, 49, 50, 51, 52, 53, 54, 56, 58, 59, 62, 65, 66, 68, 72, 73, 74, 75, 77, 78, 79, 80, 81, 82, 83, 84, 85, 86, 87, 88, 89, 90, 91, 93, 94, 96, 97, 99, 100, 101, 105, 106, 107, 108, 110, 111, 112, 115, 116, 117, 118, 119, 120, 121, 122, 124, 125, 126, 128, 130, 131, 132, 133, 134, 135, 136, 137, 140, 141, 142, 143, 144, 146, 147, 148, 149]
Acurácias: [0.7838, 0.7838, 0.6486, 0.6757, 0.6216, 0.5946, 0.7027, 0.7297, 0.6486, 0.7027, 0.6757, 0.7027, 0.6757, 0.7027, 0.6757]

PAR 118:
Vetor comparação: [4, 5, 13, 25, 32, 39, 45, 46, 53, 55, 60, 63, 64, 65, 67, 72, 76, 78, 90, 94, 95, 96, 103, 105, 107, 111, 113, 119, 120, 126, 129, 131, 134, 135, 137, 147, 148]
Vetor base: [0, 1, 2, 3, 6, 7, 8, 9, 10, 11, 12, 14, 15, 16, 17, 18, 19, 20, 21, 22, 23, 24, 26, 27, 28, 29, 30, 31, 33, 34, 35, 36, 37, 38, 40, 41, 42, 43, 44, 47, 48, 49, 50, 51, 52, 54, 56, 57, 58, 59, 61, 62, 66, 68, 69, 70, 71, 73, 74, 75, 77, 79, 80, 81, 82, 83, 84, 85, 86, 87, 88, 89, 91, 92, 93, 97, 98, 99, 100, 101, 102, 104, 106, 108, 109, 110, 112, 114, 115, 116, 117, 118, 121, 122, 123, 124, 125, 127, 128, 130, 132, 133, 136, 138, 139, 140, 141, 142, 143, 144, 145, 146, 149]
Acurácias: [0.7838, 0.7838, 0.7297, 0.7297, 0.6757, 0.6757, 0.7027, 0.7568, 0.6757, 0.7297, 0.6757, 0.7568, 0.7568, 0.7568, 0.7297]

PAR 119:
Vetor comparação: [1, 2, 3, 5, 7, 11, 13, 23, 35, 38, 47, 48, 55, 60, 61, 62, 63, 75, 77, 80, 81, 82, 88, 92, 94, 99, 100, 105, 106, 110, 115, 116, 121, 127, 145, 146, 148]
Vetor base: [0, 4, 6, 8, 9, 10, 12, 14, 15, 16, 17, 18, 19, 20, 21, 22, 24, 25, 26, 27, 28, 29, 30, 31, 32, 33, 34, 36, 37, 39, 40, 41, 42, 43, 44, 45, 46, 49, 50, 51, 52, 53, 54, 56, 57, 58, 59, 64, 65, 66, 67, 68, 69, 70, 71, 72, 73, 74, 76, 78, 79, 83, 84, 85, 86, 87, 89, 90, 91, 93, 95, 96, 97, 98, 101, 102, 103, 104, 107, 108, 109, 111, 112, 113, 114, 117, 118, 119, 120, 122, 123, 124, 125, 126, 128, 129, 130, 131, 132, 133, 134, 135, 136, 137, 138, 139, 140, 141, 142, 143, 144, 147, 149]
Acurácias: [0.6486, 0.6486, 0.6486, 0.6486, 0.6216, 0.6486, 0.7027, 0.7027, 0.6486, 0.6757, 0.6757, 0.6757, 0.7297, 0.7027, 0.7027]

PAR 120:
Vetor comparação: [2, 6, 9, 14, 16, 21, 28, 38, 42, 44, 46, 51, 53, 55, 60, 65, 79, 81, 84, 88, 90, 99, 106, 110, 114, 116, 117, 120, 122, 123, 124, 128, 133, 137, 141, 142, 146]
Vetor base: [0, 1, 3, 4, 5, 7, 8, 10, 11, 12, 13, 15, 17, 18, 19, 20, 22, 23, 24, 25, 26, 27, 29, 30, 31, 32, 33, 34, 35, 36, 37, 39, 40, 41, 43, 45, 47, 48, 49, 50, 52, 54, 56, 57, 58, 59, 61, 62, 63, 64, 66, 67, 68, 69, 70, 71, 72, 73, 74, 75, 76, 77, 78, 80, 82, 83, 85, 86, 87, 89, 91, 92, 93, 94, 95, 96, 97, 98, 100, 101, 102, 103, 104, 105, 107, 108, 109, 111, 112, 113, 115, 118, 119, 121, 125, 126, 127, 129, 130, 131, 132, 134, 135, 136, 138, 139, 140, 143, 144, 145, 147, 148, 149]
Acurácias: [0.7297, 0.7297, 0.7568, 0.7297, 0.7027, 0.6757, 0.6486, 0.7027, 0.7027, 0.7568, 0.7027, 0.7297, 0.7027, 0.7297, 0.6757]

PAR 121:
Vetor comparação: [0, 3, 8, 9, 12, 15, 17, 28, 32, 33, 35, 38, 44, 50, 52, 55, 60, 62, 64, 68, 72, 80, 83, 91, 96, 98, 101, 106, 112, 114, 119, 120, 122, 134, 135, 142, 143]
Vetor base: [1, 2, 4, 5, 6, 7, 10, 11, 13, 14, 16, 18, 19, 20, 21, 22, 23, 24, 25, 26, 27, 29, 30, 31, 34, 36, 37, 39, 40, 41, 42, 43, 45, 46, 47, 48, 49, 51, 53, 54, 56, 57, 58, 59, 61, 63, 65, 66, 67, 69, 70, 71, 73, 74, 75, 76, 77, 78, 79, 81, 82, 84, 85, 86, 87, 88, 89, 90, 92, 93, 94, 95, 97, 99, 100, 102, 103, 104, 105, 107, 108, 109, 110, 111, 113, 115, 116, 117, 118, 121, 123, 124, 125, 126, 127, 128, 129, 130, 131, 132, 133, 136, 137, 138, 139, 140, 141, 144, 145, 146, 147, 148, 149]
Acurácias: [0.7838, 0.7838, 0.7568, 0.7568, 0.7568, 0.7027, 0.7838, 0.7568, 0.7568, 0.7838, 0.7568, 0.7838, 0.7838, 0.7838, 0.7568]

PAR 122:
Vetor comparação: [12, 14, 18, 20, 21, 22, 24, 25, 27, 30, 31, 33, 44, 46, 47, 54, 62, 66, 69, 70, 73, 78, 88, 96, 98, 100, 102, 103, 107, 118, 123, 127, 129, 131, 139, 143, 147]
Vetor base: [0, 1, 2, 3, 4, 5, 6, 7, 8, 9, 10, 11, 13, 15, 16, 17, 19, 23, 26, 28, 29, 32, 34, 35, 36, 37, 38, 39, 40, 41, 42, 43, 45, 48, 49, 50, 51, 52, 53, 55, 56, 57, 58, 59, 60, 61, 63, 64, 65, 67, 68, 71, 72, 74, 75, 76, 77, 79, 80, 81, 82, 83, 84, 85, 86, 87, 89, 90, 91, 92, 93, 94, 95, 97, 99, 101, 104, 105, 106, 108, 109, 110, 111, 112, 113, 114, 115, 116, 117, 119, 120, 121, 122, 124, 125, 126, 128, 130, 132, 133, 134, 135, 136, 137, 138, 140, 141, 142, 144, 145, 146, 148, 149]
Acurácias: [0.7568, 0.7568, 0.8108, 0.7297, 0.7297, 0.7838, 0.8108, 0.8378, 0.7838, 0.8108, 0.7838, 0.8108, 0.8108, 0.8378, 0.8378]

PAR 123:
Vetor comparação: [3, 9, 14, 25, 26, 43, 44, 45, 46, 48, 50, 60, 66, 67, 70, 72, 74, 79, 86, 93, 96, 97, 99, 100, 102, 108, 113, 114, 116, 125, 129, 130, 134, 137, 138, 141, 148]
Vetor base: [0, 1, 2, 4, 5, 6, 7, 8, 10, 11, 12, 13, 15, 16, 17, 18, 19, 20, 21, 22, 23, 24, 27, 28, 29, 30, 31, 32, 33, 34, 35, 36, 37, 38, 39, 40, 41, 42, 47, 49, 51, 52, 53, 54, 55, 56, 57, 58, 59, 61, 62, 63, 64, 65, 68, 69, 71, 73, 75, 76, 77, 78, 80, 81, 82, 83, 84, 85, 87, 88, 89, 90, 91, 92, 94, 95, 98, 101, 103, 104, 105, 106, 107, 109, 110, 111, 112, 115, 117, 118, 119, 120, 121, 122, 123, 124, 126, 127, 128, 131, 132, 133, 135, 136, 139, 140, 142, 143, 144, 145, 146, 147, 149]
Acurácias: [0.6757, 0.6757, 0.8378, 0.7568, 0.7568, 0.7568, 0.7838, 0.8108, 0.7568, 0.7838, 0.7568, 0.7838, 0.7838, 0.8108, 0.7568]

PAR 124:
Vetor comparação: [2, 3, 4, 8, 9, 15, 24, 25, 26, 34, 40, 41, 44, 48, 50, 54, 77, 81, 83, 85, 86, 88, 95, 104, 108, 112, 122, 128, 130, 133, 135, 136, 137, 138, 141, 144, 145]
Vetor base: [0, 1, 5, 6, 7, 10, 11, 12, 13, 14, 16, 17, 18, 19, 20, 21, 22, 23, 27, 28, 29, 30, 31, 32, 33, 35, 36, 37, 38, 39, 42, 43, 45, 46, 47, 49, 51, 52, 53, 55, 56, 57, 58, 59, 60, 61, 62, 63, 64, 65, 66, 67, 68, 69, 70, 71, 72, 73, 74, 75, 76, 78, 79, 80, 82, 84, 87, 89, 90, 91, 92, 93, 94, 96, 97, 98, 99, 100, 101, 102, 103, 105, 106, 107, 109, 110, 111, 113, 114, 115, 116, 117, 118, 119, 120, 121, 123, 124, 125, 126, 127, 129, 131, 132, 134, 139, 140, 142, 143, 146, 147, 148, 149]
Acurácias: [0.6757, 0.6757, 0.7568, 0.7838, 0.8378, 0.7568, 0.8378, 0.8108, 0.8649, 0.8649, 0.8649, 0.8378, 0.8108, 0.8378, 0.8919]

PAR 125:
Vetor comparação: [4, 6, 15, 20, 22, 30, 31, 34, 36, 37, 38, 41, 48, 56, 57, 58, 59, 60, 62, 68, 69, 73, 80, 85, 87, 97, 99, 102, 103, 110, 111, 114, 117, 129, 131, 143, 149]
Vetor base: [0, 1, 2, 3, 5, 7, 8, 9, 10, 11, 12, 13, 14, 16, 17, 18, 19, 21, 23, 24, 25, 26, 27, 28, 29, 32, 33, 35, 39, 40, 42, 43, 44, 45, 46, 47, 49, 50, 51, 52, 53, 54, 55, 61, 63, 64, 65, 66, 67, 70, 71, 72, 74, 75, 76, 77, 78, 79, 81, 82, 83, 84, 86, 88, 89, 90, 91, 92, 93, 94, 95, 96, 98, 100, 101, 104, 105, 106, 107, 108, 109, 112, 113, 115, 116, 118, 119, 120, 121, 122, 123, 124, 125, 126, 127, 128, 130, 132, 133, 134, 135, 136, 137, 138, 139, 140, 141, 142, 144, 145, 146, 147, 148]
Acurácias: [0.7297, 0.7297, 0.7568, 0.7838, 0.7297, 0.7297, 0.7568, 0.8108, 0.7027, 0.8108, 0.7568, 0.7838, 0.7568, 0.7297, 0.6216]

PAR 126:
Vetor comparação: [8, 13, 15, 16, 18, 20, 21, 22, 34, 35, 40, 41, 48, 53, 54, 57, 59, 76, 88, 89, 90, 91, 95, 102, 104, 107, 113, 114, 121, 123, 124, 131, 132, 133, 134, 137, 141]
Vetor base: [0, 1, 2, 3, 4, 5, 6, 7, 9, 10, 11, 12, 14, 17, 19, 23, 24, 25, 26, 27, 28, 29, 30, 31, 32, 33, 36, 37, 38, 39, 42, 43, 44, 45, 46, 47, 49, 50, 51, 52, 55, 56, 58, 60, 61, 62, 63, 64, 65, 66, 67, 68, 69, 70, 71, 72, 73, 74, 75, 77, 78, 79, 80, 81, 82, 83, 84, 85, 86, 87, 92, 93, 94, 96, 97, 98, 99, 100, 101, 103, 105, 106, 108, 109, 110, 111, 112, 115, 116, 117, 118, 119, 120, 122, 125, 126, 127, 128, 129, 130, 135, 136, 138, 139, 140, 142, 143, 144, 145, 146, 147, 148, 149]
Acurácias: [0.7568, 0.7568, 0.7297, 0.8108, 0.7297, 0.7568, 0.7838, 0.8108, 0.7568, 0.8108, 0.7838, 0.8378, 0.7838, 0.7838, 0.8108]

PAR 127:
Vetor comparação: [0, 1, 18, 19, 20, 24, 28, 30, 31, 32, 37, 39, 41, 45, 48, 50, 51, 55, 64, 82, 84, 85, 86, 96, 98, 103, 107, 109, 112, 116, 117, 127, 139, 141, 145, 146, 147]
Vetor base: [2, 3, 4, 5, 6, 7, 8, 9, 10, 11, 12, 13, 14, 15, 16, 17, 21, 22, 23, 25, 26, 27, 29, 33, 34, 35, 36, 38, 40, 42, 43, 44, 46, 47, 49, 52, 53, 54, 56, 57, 58, 59, 60, 61, 62, 63, 65, 66, 67, 68, 69, 70, 71, 72, 73, 74, 75, 76, 77, 78, 79, 80, 81, 83, 87, 88, 89, 90, 91, 92, 93, 94, 95, 97, 99, 100, 101, 102, 104, 105, 106, 108, 110, 111, 113, 114, 115, 118, 119, 120, 121, 122, 123, 124, 125, 126, 128, 129, 130, 131, 132, 133, 134, 135, 136, 137, 138, 140, 142, 143, 144, 148, 149]
Acurácias: [0.6757, 0.6757, 0.8378, 0.7838, 0.7838, 0.7568, 0.8378, 0.8108, 0.8378, 0.8378, 0.8378, 0.8108, 0.8108, 0.8108, 0.8378]

PAR 128:
Vetor comparação: [13, 14, 22, 23, 24, 26, 27, 30, 33, 38, 40, 42, 47, 50, 53, 54, 59, 62, 63, 64, 68, 72, 74, 76, 80, 89, 95, 104, 109, 111, 114, 125, 133, 134, 137, 141, 149]
Vetor base: [0, 1, 2, 3, 4, 5, 6, 7, 8, 9, 10, 11, 12, 15, 16, 17, 18, 19, 20, 21, 25, 28, 29, 31, 32, 34, 35, 36, 37, 39, 41, 43, 44, 45, 46, 48, 49, 51, 52, 55, 56, 57, 58, 60, 61, 65, 66, 67, 69, 70, 71, 73, 75, 77, 78, 79, 81, 82, 83, 84, 85, 86, 87, 88, 90, 91, 92, 93, 94, 96, 97, 98, 99, 100, 101, 102, 103, 105, 106, 107, 108, 110, 112, 113, 115, 116, 117, 118, 119, 120, 121, 122, 123, 124, 126, 127, 128, 129, 130, 131, 132, 135, 136, 138, 139, 140, 142, 143, 144, 145, 146, 147, 148]
Acurácias: [0.7568, 0.7568, 0.6757, 0.7297, 0.7027, 0.7027, 0.7838, 0.8108, 0.7838, 0.7838, 0.7838, 0.7568, 0.7568, 0.7297, 0.6757]

PAR 129:
Vetor comparação: [1, 3, 15, 18, 20, 23, 26, 28, 32, 33, 35, 38, 40, 48, 65, 67, 69, 76, 79, 81, 86, 88, 92, 93, 96, 105, 108, 112, 114, 115, 117, 122, 124, 128, 130, 141, 144]
Vetor base: [0, 2, 4, 5, 6, 7, 8, 9, 10, 11, 12, 13, 14, 16, 17, 19, 21, 22, 24, 25, 27, 29, 30, 31, 34, 36, 37, 39, 41, 42, 43, 44, 45, 46, 47, 49, 50, 51, 52, 53, 54, 55, 56, 57, 58, 59, 60, 61, 62, 63, 64, 66, 68, 70, 71, 72, 73, 74, 75, 77, 78, 80, 82, 83, 84, 85, 87, 89, 90, 91, 94, 95, 97, 98, 99, 100, 101, 102, 103, 104, 106, 107, 109, 110, 111, 113, 116, 118, 119, 120, 121, 123, 125, 126, 127, 129, 131, 132, 133, 134, 135, 136, 137, 138, 139, 140, 142, 143, 145, 146, 147, 148, 149]
Acurácias: [0.7027, 0.7027, 0.7568, 0.7297, 0.7838, 0.7297, 0.7838, 0.7027, 0.7838, 0.7838, 0.7838, 0.7838, 0.7838, 0.7838, 0.7838]

PAR 130:
Vetor comparação: [7, 10, 16, 17, 18, 19, 22, 28, 31, 36, 41, 45, 46, 51, 52, 56, 57, 67, 73, 75, 76, 79, 81, 92, 93, 94, 96, 98, 102, 103, 109, 110, 113, 114, 122, 129, 137]
Vetor base: [0, 1, 2, 3, 4, 5, 6, 8, 9, 11, 12, 13, 14, 15, 20, 21, 23, 24, 25, 26, 27, 29, 30, 32, 33, 34, 35, 37, 38, 39, 40, 42, 43, 44, 47, 48, 49, 50, 53, 54, 55, 58, 59, 60, 61, 62, 63, 64, 65, 66, 68, 69, 70, 71, 72, 74, 77, 78, 80, 82, 83, 84, 85, 86, 87, 88, 89, 90, 91, 95, 97, 99, 100, 101, 104, 105, 106, 107, 108, 111, 112, 115, 116, 117, 118, 119, 120, 121, 123, 124, 125, 126, 127, 128, 130, 131, 132, 133, 134, 135, 136, 138, 139, 140, 141, 142, 143, 144, 145, 146, 147, 148, 149]
Acurácias: [0.6486, 0.6486, 0.6757, 0.6486, 0.6486, 0.6757, 0.6757, 0.6757, 0.6757, 0.7027, 0.7027, 0.7027, 0.7027, 0.7027, 0.6486]

PAR 131:
Vetor comparação: [1, 3, 7, 8, 12, 13, 27, 32, 35, 38, 41, 43, 44, 45, 51, 55, 56, 62, 66, 68, 73, 75, 76, 79, 89, 90, 94, 101, 111, 113, 128, 131, 134, 141, 142, 144, 149]
Vetor base: [0, 2, 4, 5, 6, 9, 10, 11, 14, 15, 16, 17, 18, 19, 20, 21, 22, 23, 24, 25, 26, 28, 29, 30, 31, 33, 34, 36, 37, 39, 40, 42, 46, 47, 48, 49, 50, 52, 53, 54, 57, 58, 59, 60, 61, 63, 64, 65, 67, 69, 70, 71, 72, 74, 77, 78, 80, 81, 82, 83, 84, 85, 86, 87, 88, 91, 92, 93, 95, 96, 97, 98, 99, 100, 102, 103, 104, 105, 106, 107, 108, 109, 110, 112, 114, 115, 116, 117, 118, 119, 120, 121, 122, 123, 124, 125, 126, 127, 129, 130, 132, 133, 135, 136, 137, 138, 139, 140, 143, 145, 146, 147, 148]
Acurácias: [0.6757, 0.6757, 0.7297, 0.7297, 0.7297, 0.7297, 0.7568, 0.7297, 0.7027, 0.7297, 0.7027, 0.7568, 0.7568, 0.7838, 0.7027]

PAR 132:
Vetor comparação: [1, 2, 14, 15, 24, 27, 29, 38, 49, 52, 58, 60, 61, 64, 65, 73, 74, 79, 81, 83, 86, 89, 91, 94, 96, 97, 107, 112, 113, 122, 123, 125, 140, 144, 145, 148, 149]
Vetor base: [0, 3, 4, 5, 6, 7, 8, 9, 10, 11, 12, 13, 16, 17, 18, 19, 20, 21, 22, 23, 25, 26, 28, 30, 31, 32, 33, 34, 35, 36, 37, 39, 40, 41, 42, 43, 44, 45, 46, 47, 48, 50, 51, 53, 54, 55, 56, 57, 59, 62, 63, 66, 67, 68, 69, 70, 71, 72, 75, 76, 77, 78, 80, 82, 84, 85, 87, 88, 90, 92, 93, 95, 98, 99, 100, 101, 102, 103, 104, 105, 106, 108, 109, 110, 111, 114, 115, 116, 117, 118, 119, 120, 121, 124, 126, 127, 128, 129, 130, 131, 132, 133, 134, 135, 136, 137, 138, 139, 141, 142, 143, 146, 147]
Acurácias: [0.6757, 0.6757, 0.7297, 0.6757, 0.6216, 0.6486, 0.7297, 0.7027, 0.6757, 0.7027, 0.7027, 0.7838, 0.7838, 0.7568, 0.7838]

PAR 133:
Vetor comparação: [2, 6, 8, 11, 13, 14, 15, 16, 17, 28, 29, 38, 51, 56, 59, 60, 66, 69, 71, 77, 79, 80, 87, 88, 89, 96, 102, 105, 107, 110, 112, 117, 122, 128, 132, 143, 147]
Vetor base: [0, 1, 3, 4, 5, 7, 9, 10, 12, 18, 19, 20, 21, 22, 23, 24, 25, 26, 27, 30, 31, 32, 33, 34, 35, 36, 37, 39, 40, 41, 42, 43, 44, 45, 46, 47, 48, 49, 50, 52, 53, 54, 55, 57, 58, 61, 62, 63, 64, 65, 67, 68, 70, 72, 73, 74, 75, 76, 78, 81, 82, 83, 84, 85, 86, 90, 91, 92, 93, 94, 95, 97, 98, 99, 100, 101, 103, 104, 106, 108, 109, 111, 113, 114, 115, 116, 118, 119, 120, 121, 123, 124, 125, 126, 127, 129, 130, 131, 133, 134, 135, 136, 137, 138, 139, 140, 141, 142, 144, 145, 146, 148, 149]
Acurácias: [0.7838, 0.7838, 0.7297, 0.7568, 0.6486, 0.7297, 0.7027, 0.7568, 0.6757, 0.7297, 0.7027, 0.7297, 0.7297, 0.7297, 0.7027]

PAR 134:
Vetor comparação: [1, 8, 9, 10, 13, 25, 27, 29, 33, 42, 47, 48, 52, 53, 55, 57, 64, 66, 69, 70, 72, 79, 80, 85, 87, 89, 90, 101, 104, 110, 124, 125, 133, 136, 145, 147, 148]
Vetor base: [0, 2, 3, 4, 5, 6, 7, 11, 12, 14, 15, 16, 17, 18, 19, 20, 21, 22, 23, 24, 26, 28, 30, 31, 32, 34, 35, 36, 37, 38, 39, 40, 41, 43, 44, 45, 46, 49, 50, 51, 54, 56, 58, 59, 60, 61, 62, 63, 65, 67, 68, 71, 73, 74, 75, 76, 77, 78, 81, 82, 83, 84, 86, 88, 91, 92, 93, 94, 95, 96, 97, 98, 99, 100, 102, 103, 105, 106, 107, 108, 109, 111, 112, 113, 114, 115, 116, 117, 118, 119, 120, 121, 122, 123, 126, 127, 128, 129, 130, 131, 132, 134, 135, 137, 138, 139, 140, 141, 142, 143, 144, 146, 149]
Acurácias: [0.7568, 0.7568, 0.7297, 0.7838, 0.6216, 0.7027, 0.7297, 0.7027, 0.6757, 0.7568, 0.7027, 0.6757, 0.6486, 0.6486, 0.6216]

PAR 135:
Vetor comparação: [2, 20, 21, 27, 28, 32, 34, 38, 41, 42, 49, 52, 54, 59, 62, 63, 65, 70, 71, 78, 79, 81, 82, 89, 95, 99, 103, 112, 115, 121, 123, 128, 130, 131, 136, 139, 149]
Vetor base: [0, 1, 3, 4, 5, 6, 7, 8, 9, 10, 11, 12, 13, 14, 15, 16, 17, 18, 19, 22, 23, 24, 25, 26, 29, 30, 31, 33, 35, 36, 37, 39, 40, 43, 44, 45, 46, 47, 48, 50, 51, 53, 55, 56, 57, 58, 60, 61, 64, 66, 67, 68, 69, 72, 73, 74, 75, 76, 77, 80, 83, 84, 85, 86, 87, 88, 90, 91, 92, 93, 94, 96, 97, 98, 100, 101, 102, 104, 105, 106, 107, 108, 109, 110, 111, 113, 114, 116, 117, 118, 119, 120, 122, 124, 125, 126, 127, 129, 132, 133, 134, 135, 137, 138, 140, 141, 142, 143, 144, 145, 146, 147, 148]
Acurácias: [0.7027, 0.7027, 0.7297, 0.6757, 0.6486, 0.7297, 0.7838, 0.8108, 0.7297, 0.7297, 0.7297, 0.7027, 0.7297, 0.7297, 0.7297]

PAR 136:
Vetor comparação: [7, 12, 13, 22, 25, 28, 32, 33, 35, 37, 39, 42, 52, 60, 63, 65, 69, 72, 75, 83, 84, 85, 92, 93, 96, 103, 107, 111, 113, 115, 120, 121, 126, 130, 142, 145, 148]
Vetor base: [0, 1, 2, 3, 4, 5, 6, 8, 9, 10, 11, 14, 15, 16, 17, 18, 19, 20, 21, 23, 24, 26, 27, 29, 30, 31, 34, 36, 38, 40, 41, 43, 44, 45, 46, 47, 48, 49, 50, 51, 53, 54, 55, 56, 57, 58, 59, 61, 62, 64, 66, 67, 68, 70, 71, 73, 74, 76, 77, 78, 79, 80, 81, 82, 86, 87, 88, 89, 90, 91, 94, 95, 97, 98, 99, 100, 101, 102, 104, 105, 106, 108, 109, 110, 112, 114, 116, 117, 118, 119, 122, 123, 124, 125, 127, 128, 129, 131, 132, 133, 134, 135, 136, 137, 138, 139, 140, 141, 143, 144, 146, 147, 149]
Acurácias: [0.7568, 0.7568, 0.7838, 0.7838, 0.6757, 0.7297, 0.8108, 0.8378, 0.7568, 0.7838, 0.7838, 0.8108, 0.7838, 0.7838, 0.8108]

PAR 137:
Vetor comparação: [2, 4, 7, 14, 15, 17, 21, 25, 27, 31, 34, 43, 48, 53, 55, 58, 68, 75, 76, 77, 78, 79, 80, 88, 100, 102, 106, 109, 110, 111, 114, 117, 126, 131, 139, 143, 144]
Vetor base: [0, 1, 3, 5, 6, 8, 9, 10, 11, 12, 13, 16, 18, 19, 20, 22, 23, 24, 26, 28, 29, 30, 32, 33, 35, 36, 37, 38, 39, 40, 41, 42, 44, 45, 46, 47, 49, 50, 51, 52, 54, 56, 57, 59, 60, 61, 62, 63, 64, 65, 66, 67, 69, 70, 71, 72, 73, 74, 81, 82, 83, 84, 85, 86, 87, 89, 90, 91, 92, 93, 94, 95, 96, 97, 98, 99, 101, 103, 104, 105, 107, 108, 112, 113, 115, 116, 118, 119, 120, 121, 122, 123, 124, 125, 127, 128, 129, 130, 132, 133, 134, 135, 136, 137, 138, 140, 141, 142, 145, 146, 147, 148, 149]
Acurácias: [0.7838, 0.7838, 0.7568, 0.8108, 0.7838, 0.7568, 0.8108, 0.8378, 0.8108, 0.8378, 0.8649, 0.8378, 0.8649, 0.8649, 0.8649]

PAR 138:
Vetor comparação: [0, 5, 11, 16, 19, 23, 26, 31, 32, 35, 48, 52, 53, 55, 60, 65, 67, 74, 79, 93, 94, 100, 101, 106, 114, 115, 121, 122, 123, 135, 138, 142, 143, 144, 145, 146, 148]
Vetor base: [1, 2, 3, 4, 6, 7, 8, 9, 10, 12, 13, 14, 15, 17, 18, 20, 21, 22, 24, 25, 27, 28, 29, 30, 33, 34, 36, 37, 38, 39, 40, 41, 42, 43, 44, 45, 46, 47, 49, 50, 51, 54, 56, 57, 58, 59, 61, 62, 63, 64, 66, 68, 69, 70, 71, 72, 73, 75, 76, 77, 78, 80, 81, 82, 83, 84, 85, 86, 87, 88, 89, 90, 91, 92, 95, 96, 97, 98, 99, 102, 103, 104, 105, 107, 108, 109, 110, 111, 112, 113, 116, 117, 118, 119, 120, 124, 125, 126, 127, 128, 129, 130, 131, 132, 133, 134, 136, 137, 139, 140, 141, 147, 149]
Acurácias: [0.8378, 0.8378, 0.8649, 0.8378, 0.7568, 0.7838, 0.7027, 0.7568, 0.6486, 0.7838, 0.6757, 0.7027, 0.7027, 0.7568, 0.6486]

PAR 139:
Vetor comparação: [2, 13, 15, 23, 31, 32, 34, 38, 39, 40, 46, 49, 51, 54, 58, 59, 67, 68, 70, 72, 74, 75, 77, 80, 81, 82, 90, 95, 96, 102, 113, 119, 120, 121, 123, 134, 147]
Vetor base: [0, 1, 3, 4, 5, 6, 7, 8, 9, 10, 11, 12, 14, 16, 17, 18, 19, 20, 21, 22, 24, 25, 26, 27, 28, 29, 30, 33, 35, 36, 37, 41, 42, 43, 44, 45, 47, 48, 50, 52, 53, 55, 56, 57, 60, 61, 62, 63, 64, 65, 66, 69, 71, 73, 76, 78, 79, 83, 84, 85, 86, 87, 88, 89, 91, 92, 93, 94, 97, 98, 99, 100, 101, 103, 104, 105, 106, 107, 108, 109, 110, 111, 112, 114, 115, 116, 117, 118, 122, 124, 125, 126, 127, 128, 129, 130, 131, 132, 133, 135, 136, 137, 138, 139, 140, 141, 142, 143, 144, 145, 146, 148, 149]
Acurácias: [0.5946, 0.5946, 0.5946, 0.6216, 0.5946, 0.6486, 0.6486, 0.7027, 0.5946, 0.6486, 0.5676, 0.5946, 0.6216, 0.6486, 0.5676]

PAR 140:
Vetor comparação: [3, 19, 24, 26, 31, 34, 42, 44, 70, 72, 75, 85, 87, 88, 89, 90, 92, 94, 110, 111, 112, 113, 116, 124, 127, 129, 130, 132, 133, 135, 137, 138, 139, 141, 145, 146, 149]
Vetor base: [0, 1, 2, 4, 5, 6, 7, 8, 9, 10, 11, 12, 13, 14, 15, 16, 17, 18, 20, 21, 22, 23, 25, 27, 28, 29, 30, 32, 33, 35, 36, 37, 38, 39, 40, 41, 43, 45, 46, 47, 48, 49, 50, 51, 52, 53, 54, 55, 56, 57, 58, 59, 60, 61, 62, 63, 64, 65, 66, 67, 68, 69, 71, 73, 74, 76, 77, 78, 79, 80, 81, 82, 83, 84, 86, 91, 93, 95, 96, 97, 98, 99, 100, 101, 102, 103, 104, 105, 106, 107, 108, 109, 114, 115, 117, 118, 119, 120, 121, 122, 123, 125, 126, 128, 131, 134, 136, 140, 142, 143, 144, 147, 148]
Acurácias: [0.7027, 0.7027, 0.7568, 0.7838, 0.8108, 0.7568, 0.7027, 0.7297, 0.7568, 0.7838, 0.7568, 0.7297, 0.7297, 0.7297, 0.7027]

PAR 141:
Vetor comparação: [1, 6, 8, 10, 12, 13, 15, 29, 30, 39, 44, 47, 56, 61, 65, 68, 69, 70, 79, 80, 82, 83, 86, 87, 88, 91, 92, 96, 100, 101, 105, 107, 122, 123, 132, 137, 142]
Vetor base: [0, 2, 3, 4, 5, 7, 9, 11, 14, 16, 17, 18, 19, 20, 21, 22, 23, 24, 25, 26, 27, 28, 31, 32, 33, 34, 35, 36, 37, 38, 40, 41, 42, 43, 45, 46, 48, 49, 50, 51, 52, 53, 54, 55, 57, 58, 59, 60, 62, 63, 64, 66, 67, 71, 72, 73, 74, 75, 76, 77, 78, 81, 84, 85, 89, 90, 93, 94, 95, 97, 98, 99, 102, 103, 104, 106, 108, 109, 110, 111, 112, 113, 114, 115, 116, 117, 118, 119, 120, 121, 124, 125, 126, 127, 128, 129, 130, 131, 133, 134, 135, 136, 138, 139, 140, 141, 143, 144, 145, 146, 147, 148, 149]
Acurácias: [0.6486, 0.6486, 0.6216, 0.6486, 0.6216, 0.6486, 0.6486, 0.6486, 0.6216, 0.6757, 0.6757, 0.6757, 0.6757, 0.7027, 0.6486]

PAR 142:
Vetor comparação: [10, 15, 16, 17, 21, 22, 29, 37, 40, 44, 46, 51, 64, 68, 71, 75, 77, 82, 83, 85, 87, 89, 93, 97, 98, 104, 105, 112, 121, 122, 124, 125, 128, 135, 138, 144, 145]
Vetor base: [0, 1, 2, 3, 4, 5, 6, 7, 8, 9, 11, 12, 13, 14, 18, 19, 20, 23, 24, 25, 26, 27, 28, 30, 31, 32, 33, 34, 35, 36, 38, 39, 41, 42, 43, 45, 47, 48, 49, 50, 52, 53, 54, 55, 56, 57, 58, 59, 60, 61, 62, 63, 65, 66, 67, 69, 70, 72, 73, 74, 76, 78, 79, 80, 81, 84, 86, 88, 90, 91, 92, 94, 95, 96, 99, 100, 101, 102, 103, 106, 107, 108, 109, 110, 111, 113, 114, 115, 116, 117, 118, 119, 120, 123, 126, 127, 129, 130, 131, 132, 133, 134, 136, 137, 139, 140, 141, 142, 143, 146, 147, 148, 149]
Acurácias: [0.6216, 0.6216, 0.7838, 0.6757, 0.7568, 0.6757, 0.7838, 0.7568, 0.7838, 0.7297, 0.8108, 0.7297, 0.7568, 0.7297, 0.8108]

PAR 143:
Vetor comparação: [0, 4, 6, 8, 21, 22, 34, 36, 37, 39, 47, 48, 49, 60, 61, 64, 71, 72, 75, 76, 79, 81, 85, 88, 92, 99, 100, 103, 108, 111, 115, 121, 123, 125, 127, 143, 149]
Vetor base: [1, 2, 3, 5, 7, 9, 10, 11, 12, 13, 14, 15, 16, 17, 18, 19, 20, 23, 24, 25, 26, 27, 28, 29, 30, 31, 32, 33, 35, 38, 40, 41, 42, 43, 44, 45, 46, 50, 51, 52, 53, 54, 55, 56, 57, 58, 59, 62, 63, 65, 66, 67, 68, 69, 70, 73, 74, 77, 78, 80, 82, 83, 84, 86, 87, 89, 90, 91, 93, 94, 95, 96, 97, 98, 101, 102, 104, 105, 106, 107, 109, 110, 112, 113, 114, 116, 117, 118, 119, 120, 122, 124, 126, 128, 129, 130, 131, 132, 133, 134, 135, 136, 137, 138, 139, 140, 141, 142, 144, 145, 146, 147, 148]
Acurácias: [0.5946, 0.5946, 0.7027, 0.5946, 0.7297, 0.6486, 0.7297, 0.7297, 0.7297, 0.7568, 0.7297, 0.7297, 0.7297, 0.7297, 0.7027]

PAR 144:
Vetor comparação: [1, 3, 6, 7, 13, 22, 24, 26, 28, 37, 44, 48, 49, 53, 55, 59, 66, 67, 73, 74, 82, 84, 85, 87, 92, 100, 103, 104, 111, 119, 124, 129, 131, 132, 135, 140, 145]
Vetor base: [0, 2, 4, 5, 8, 9, 10, 11, 12, 14, 15, 16, 17, 18, 19, 20, 21, 23, 25, 27, 29, 30, 31, 32, 33, 34, 35, 36, 38, 39, 40, 41, 42, 43, 45, 46, 47, 50, 51, 52, 54, 56, 57, 58, 60, 61, 62, 63, 64, 65, 68, 69, 70, 71, 72, 75, 76, 77, 78, 79, 80, 81, 83, 86, 88, 89, 90, 91, 93, 94, 95, 96, 97, 98, 99, 101, 102, 105, 106, 107, 108, 109, 110, 112, 113, 114, 115, 116, 117, 118, 120, 121, 122, 123, 125, 126, 127, 128, 130, 133, 134, 136, 137, 138, 139, 141, 142, 143, 144, 146, 147, 148, 149]
Acurácias: [0.7297, 0.7297, 0.7027, 0.7838, 0.7297, 0.7568, 0.7297, 0.7568, 0.7568, 0.7568, 0.7568, 0.7297, 0.7568, 0.7568, 0.7838]

PAR 145:
Vetor comparação: [0, 1, 2, 4, 16, 21, 24, 27, 28, 31, 38, 40, 41, 52, 54, 59, 62, 68, 70, 73, 76, 83, 86, 87, 89, 91, 102, 107, 117, 119, 121, 122, 126, 131, 133, 139, 149]
Vetor base: [3, 5, 6, 7, 8, 9, 10, 11, 12, 13, 14, 15, 17, 18, 19, 20, 22, 23, 25, 26, 29, 30, 32, 33, 34, 35, 36, 37, 39, 42, 43, 44, 45, 46, 47, 48, 49, 50, 51, 53, 55, 56, 57, 58, 60, 61, 63, 64, 65, 66, 67, 69, 71, 72, 74, 75, 77, 78, 79, 80, 81, 82, 84, 85, 88, 90, 92, 93, 94, 95, 96, 97, 98, 99, 100, 101, 103, 104, 105, 106, 108, 109, 110, 111, 112, 113, 114, 115, 116, 118, 120, 123, 124, 125, 127, 128, 129, 130, 132, 134, 135, 136, 137, 138, 140, 141, 142, 143, 144, 145, 146, 147, 148]
Acurácias: [0.7297, 0.7297, 0.7568, 0.7838, 0.7297, 0.7568, 0.8649, 0.8108, 0.8108, 0.8649, 0.8378, 0.8378, 0.8649, 0.8919, 0.8919]

PAR 146:
Vetor comparação: [12, 25, 30, 31, 37, 43, 50, 54, 56, 58, 59, 60, 61, 67, 78, 81, 82, 83, 85, 86, 88, 94, 96, 100, 103, 110, 113, 118, 119, 124, 125, 132, 138, 140, 141, 142, 149]
Vetor base: [0, 1, 2, 3, 4, 5, 6, 7, 8, 9, 10, 11, 13, 14, 15, 16, 17, 18, 19, 20, 21, 22, 23, 24, 26, 27, 28, 29, 32, 33, 34, 35, 36, 38, 39, 40, 41, 42, 44, 45, 46, 47, 48, 49, 51, 52, 53, 55, 57, 62, 63, 64, 65, 66, 68, 69, 70, 71, 72, 73, 74, 75, 76, 77, 79, 80, 84, 87, 89, 90, 91, 92, 93, 95, 97, 98, 99, 101, 102, 104, 105, 106, 107, 108, 109, 111, 112, 114, 115, 116, 117, 120, 121, 122, 123, 126, 127, 128, 129, 130, 131, 133, 134, 135, 136, 137, 139, 143, 144, 145, 146, 147, 148]
Acurácias: [0.7027, 0.7027, 0.6757, 0.7027, 0.6757, 0.6486, 0.7568, 0.7568, 0.6757, 0.6757, 0.6757, 0.6757, 0.7027, 0.7027, 0.7297]

PAR 147:
Vetor comparação: [3, 5, 6, 7, 8, 10, 11, 14, 17, 18, 23, 25, 31, 34, 35, 37, 45, 51, 52, 57, 60, 62, 63, 73, 79, 86, 90, 91, 103, 112, 117, 118, 129, 135, 137, 139, 143]
Vetor base: [0, 1, 2, 4, 9, 12, 13, 15, 16, 19, 20, 21, 22, 24, 26, 27, 28, 29, 30, 32, 33, 36, 38, 39, 40, 41, 42, 43, 44, 46, 47, 48, 49, 50, 53, 54, 55, 56, 58, 59, 61, 64, 65, 66, 67, 68, 69, 70, 71, 72, 74, 75, 76, 77, 78, 80, 81, 82, 83, 84, 85, 87, 88, 89, 92, 93, 94, 95, 96, 97, 98, 99, 100, 101, 102, 104, 105, 106, 107, 108, 109, 110, 111, 113, 114, 115, 116, 119, 120, 121, 122, 123, 124, 125, 126, 127, 128, 130, 131, 132, 133, 134, 136, 138, 140, 141, 142, 144, 145, 146, 147, 148, 149]
Acurácias: [0.7568, 0.7568, 0.7838, 0.7838, 0.7568, 0.7838, 0.7568, 0.8108, 0.8108, 0.8649, 0.8108, 0.8378, 0.8108, 0.8649, 0.7838]

PAR 148:
Vetor comparação: [1, 4, 5, 6, 9, 12, 20, 21, 22, 26, 28, 31, 37, 40, 43, 44, 55, 58, 59, 64, 69, 70, 74, 78, 88, 90, 94, 96, 97, 103, 107, 110, 132, 133, 138, 146, 149]
Vetor base: [0, 2, 3, 7, 8, 10, 11, 13, 14, 15, 16, 17, 18, 19, 23, 24, 25, 27, 29, 30, 32, 33, 34, 35, 36, 38, 39, 41, 42, 45, 46, 47, 48, 49, 50, 51, 52, 53, 54, 56, 57, 60, 61, 62, 63, 65, 66, 67, 68, 71, 72, 73, 75, 76, 77, 79, 80, 81, 82, 83, 84, 85, 86, 87, 89, 91, 92, 93, 95, 98, 99, 100, 101, 102, 104, 105, 106, 108, 109, 111, 112, 113, 114, 115, 116, 117, 118, 119, 120, 121, 122, 123, 124, 125, 126, 127, 128, 129, 130, 131, 134, 135, 136, 137, 139, 140, 141, 142, 143, 144, 145, 147, 148]
Acurácias: [0.6757, 0.6757, 0.6486, 0.6757, 0.6757, 0.6757, 0.6757, 0.6757, 0.6216, 0.6486, 0.6216, 0.6757, 0.6757, 0.7027, 0.6486]

PAR 149:
Vetor comparação: [0, 5, 12, 13, 22, 24, 25, 26, 31, 37, 46, 48, 51, 54, 56, 67, 71, 72, 74, 75, 76, 77, 81, 84, 89, 95, 97, 104, 105, 106, 112, 116, 128, 133, 135, 141, 149]
Vetor base: [1, 2, 3, 4, 6, 7, 8, 9, 10, 11, 14, 15, 16, 17, 18, 19, 20, 21, 23, 27, 28, 29, 30, 32, 33, 34, 35, 36, 38, 39, 40, 41, 42, 43, 44, 45, 47, 49, 50, 52, 53, 55, 57, 58, 59, 60, 61, 62, 63, 64, 65, 66, 68, 69, 70, 73, 78, 79, 80, 82, 83, 85, 86, 87, 88, 90, 91, 92, 93, 94, 96, 98, 99, 100, 101, 102, 103, 107, 108, 109, 110, 111, 113, 114, 115, 117, 118, 119, 120, 121, 122, 123, 124, 125, 126, 127, 129, 130, 131, 132, 134, 136, 137, 138, 139, 140, 142, 143, 144, 145, 146, 147, 148]
Acurácias: [0.7027, 0.7027, 0.7297, 0.6757, 0.6757, 0.7027, 0.7297, 0.7297, 0.7027, 0.7297, 0.7297, 0.7027, 0.7297, 0.7027, 0.6757]

PAR 150:
Vetor comparação: [2, 9, 12, 18, 23, 26, 27, 28, 31, 38, 45, 49, 50, 52, 56, 58, 59, 64, 70, 71, 73, 75, 84, 99, 101, 103, 106, 107, 113, 116, 117, 121, 124, 128, 129, 134, 141]
Vetor base: [0, 1, 3, 4, 5, 6, 7, 8, 10, 11, 13, 14, 15, 16, 17, 19, 20, 21, 22, 24, 25, 29, 30, 32, 33, 34, 35, 36, 37, 39, 40, 41, 42, 43, 44, 46, 47, 48, 51, 53, 54, 55, 57, 60, 61, 62, 63, 65, 66, 67, 68, 69, 72, 74, 76, 77, 78, 79, 80, 81, 82, 83, 85, 86, 87, 88, 89, 90, 91, 92, 93, 94, 95, 96, 97, 98, 100, 102, 104, 105, 108, 109, 110, 111, 112, 114, 115, 118, 119, 120, 122, 123, 125, 126, 127, 130, 131, 132, 133, 135, 136, 137, 138, 139, 140, 142, 143, 144, 145, 146, 147, 148, 149]
Acurácias: [0.8649, 0.8649, 0.8378, 0.8378, 0.7568, 0.8649, 0.8919, 0.9189, 0.8108, 0.8378, 0.8108, 0.8378, 0.8378, 0.8649, 0.8649]

